-- MariaDB dump 10.19  Distrib 10.4.24-MariaDB, for Win64 (AMD64)
--
-- Host: localhost    Database: daebakgaming
-- ------------------------------------------------------
-- Server version	10.4.24-MariaDB

/*!40101 SET @OLD_CHARACTER_SET_CLIENT=@@CHARACTER_SET_CLIENT */;
/*!40101 SET @OLD_CHARACTER_SET_RESULTS=@@CHARACTER_SET_RESULTS */;
/*!40101 SET @OLD_COLLATION_CONNECTION=@@COLLATION_CONNECTION */;
/*!40101 SET NAMES utf8mb4 */;
/*!40103 SET @OLD_TIME_ZONE=@@TIME_ZONE */;
/*!40103 SET TIME_ZONE='+00:00' */;
/*!40014 SET @OLD_UNIQUE_CHECKS=@@UNIQUE_CHECKS, UNIQUE_CHECKS=0 */;
/*!40014 SET @OLD_FOREIGN_KEY_CHECKS=@@FOREIGN_KEY_CHECKS, FOREIGN_KEY_CHECKS=0 */;
/*!40101 SET @OLD_SQL_MODE=@@SQL_MODE, SQL_MODE='NO_AUTO_VALUE_ON_ZERO' */;
/*!40111 SET @OLD_SQL_NOTES=@@SQL_NOTES, SQL_NOTES=0 */;

--
-- Table structure for table `compras`
--

DROP TABLE IF EXISTS `compras`;
/*!40101 SET @saved_cs_client     = @@character_set_client */;
/*!40101 SET character_set_client = utf8 */;
CREATE TABLE `compras` (
  `id` int(11) NOT NULL AUTO_INCREMENT,
  `timestamp` datetime NOT NULL,
  `total` int(100) NOT NULL,
  `user_id` int(11) NOT NULL,
  PRIMARY KEY (`id`),
  KEY `FK_buys_users` (`user_id`),
  CONSTRAINT `FK_buys_users` FOREIGN KEY (`user_id`) REFERENCES `users` (`id`) ON UPDATE CASCADE
) ENGINE=InnoDB AUTO_INCREMENT=15 DEFAULT CHARSET=utf8mb4;
/*!40101 SET character_set_client = @saved_cs_client */;

--
-- Dumping data for table `compras`
--

LOCK TABLES `compras` WRITE;
/*!40000 ALTER TABLE `compras` DISABLE KEYS */;
INSERT INTO `compras` VALUES (1,'2022-05-27 22:49:40',4000,2),(2,'2022-05-27 22:52:01',5000,2),(3,'2022-05-27 22:53:50',3500,4),(4,'2022-05-28 01:24:24',0,2),(5,'2022-05-28 01:48:37',1700,2),(6,'2022-05-28 04:40:24',4800,2),(7,'2022-05-28 05:32:08',4800,2),(8,'2022-05-28 05:32:42',4800,2),(9,'2022-05-28 05:56:37',4800,2),(10,'2022-05-28 05:57:21',4800,2),(11,'2022-05-28 05:58:25',4800,2),(12,'2022-05-28 06:05:22',1400,2),(13,'2022-05-28 17:42:08',5350,2),(14,'2022-05-28 17:45:06',5200,2);
/*!40000 ALTER TABLE `compras` ENABLE KEYS */;
UNLOCK TABLES;

--
-- Table structure for table `detallecompra`
--

DROP TABLE IF EXISTS `detallecompra`;
/*!40101 SET @saved_cs_client     = @@character_set_client */;
/*!40101 SET character_set_client = utf8 */;
CREATE TABLE `detallecompra` (
  `id` int(11) NOT NULL AUTO_INCREMENT,
  `name_product` varchar(255) NOT NULL,
  `total` int(100) NOT NULL,
  `buy_id` int(11) NOT NULL,
  PRIMARY KEY (`id`),
  KEY `FK_details_buy` (`buy_id`),
  CONSTRAINT `FK_details_buy` FOREIGN KEY (`buy_id`) REFERENCES `compras` (`id`) ON UPDATE CASCADE
) ENGINE=InnoDB AUTO_INCREMENT=28 DEFAULT CHARSET=utf8mb4;
/*!40101 SET character_set_client = @saved_cs_client */;

--
-- Dumping data for table `detallecompra`
--

LOCK TABLES `detallecompra` WRITE;
/*!40000 ALTER TABLE `detallecompra` DISABLE KEYS */;
INSERT INTO `detallecompra` VALUES (3,'DREAMCATCHER LIGHTSTICK',700,6),(4,'TWICE LIGHTSTICK',1000,6),(5,'CORSAIR K95',4000,6),(6,'LOGITECH G305 K/DA EDITION',800,6),(21,'LOGITECH G213 PRODIGY',600,12),(22,'LOGITECH G305 K/DA EDITION',800,12),(23,'CORSAIR K95',4000,13),(24,'HYPERX SOLOCAST',1200,13),(25,'JIHYO PHOTOCARD',150,13),(26,'CORSAIR K95',4000,14),(27,'HYPERX SOLOCAST',1200,14);
/*!40000 ALTER TABLE `detallecompra` ENABLE KEYS */;
UNLOCK TABLES;

--
-- Table structure for table `discos`
--

DROP TABLE IF EXISTS `discos`;
/*!40101 SET @saved_cs_client     = @@character_set_client */;
/*!40101 SET character_set_client = utf8 */;
CREATE TABLE `discos` (
  `id` int(11) NOT NULL AUTO_INCREMENT,
  `titulo` varchar(255) NOT NULL,
  `feature1` varchar(255) NOT NULL,
  `feature2` varchar(255) NOT NULL,
  `feature3` varchar(255) NOT NULL,
  `price` int(11) NOT NULL,
  `image` longblob NOT NULL,
  `href` varchar(255) NOT NULL,
  `active` tinyint(4) NOT NULL,
  PRIMARY KEY (`id`)
) ENGINE=InnoDB AUTO_INCREMENT=7 DEFAULT CHARSET=utf8mb4;
/*!40101 SET character_set_client = @saved_cs_client */;

--
-- Dumping data for table `discos`
--

LOCK TABLES `discos` WRITE;
/*!40000 ALTER TABLE `discos` DISABLE KEYS */;
INSERT INTO `discos` VALUES (2,'TWICE FORMULA OF LOVE','Contiene 17 canciones','Contiene 1 photocard al azar de 9','Contiene photobook',700,'\0JFIF\0\0\0\0\0\0\0Compressed by jpeg-recompress\0\0					\"\"*%%*424DD\\					\"\"*%%*424DD\\\0\0,\"\0\0\0\0\0\0\0\0\0\0\0\0\0\0\0\0\0\0\0G\07\0\0(RA?~\0G׆\0]9f8\0Gjzu;Ѷ\0(2~b0{=>Ѷ\0(2`>|@@\0y0o3\nF\0\0Ɍ?;|Οv(h\03&06WgTd(h\03&0a?ݲ\0G~/owP:6\0fLalUo|m\0\0Qdί/\nF\0\0Ɍ?>hu;@@\0y0C\\@@\0y0 rd\0GlѶ\0(@\0(+h\0[\0\0uM\0\Z\0\0\0\0\0\0\0\0\0\0\0\0\0\0\0\0\rt\04\0zJbp{Cϋ\0SO\0,p5#yFp{A\\\Z\rk\07@<\0\Z\0\0\0\0\0\0\0\0\0\0\0\0\0\0\0\0ٺ=)\0\n94V6hr6hInޫlf{kmЗ<K6[d4$-mГeV\0U@3yć\0@\0	\0\0\0\0!5 12ATqt@QRra\"0B#Ss\0\0?\0Γq<:|7S*f;$	BI?H\rlS?H\rlS?H\rlS?H\rlS?H\rlS?H\rlS?H\rlS?H\rl7#488AAF(d!Yo3j*RBq)\'1(\0T7ַ\05gHVcgRw㪁*n\0)ԷzO5fpz̰|PH\0KAr,@9JXXub?yPaJS-N8O_?5=iV*?Қ69B6q(O9聆Cmdq╓^ȶdq*J\\Yq`g]O\0i,00w[d\r\'0Һ#y6=b4A[M:^E\\;\n)ԷzO5fpzyj;AkԹF	ɗrS;MѠY	jp!ġ.6!N+=QrZccł҇M;wcc:5~,q[¢	 	$n<+|VZ/Pl꒍bqn.u#O`\niP;RP	fs}JzȔ!4%ZlcinBP­W]^[mWH$p6I\Z1}\'ZQK^$ud`>4$& 8롖K+?1ƞ[[M))YЄZR׹)N(\rcl%Buq̲qZkei-j p#*:Y_i.j#0^xù@\n̂K~^A3VnWʈtb8iP \0bq:Te*F?FZonȼeVW\nɘQ=ȌvPENbiε%`M?b.-4Vޫ:HJ?¼ UfqJV\'zwmjt39 ΠT~8j֦6]yL)IJN\0bk&Ksd:mj%6`r\\eBIyOGUs\07Xs	aŬp[jlܬ\rPu!X\nO)Rm\nT8-Olzn%D#\Z>$K+)[*\Zď?\\;\n)ԷzO5fpz/ \0\0w+5kl?7מ-pk* Rߗ?gç՛U<pӚkj.- \08s+Mud~(\0CHmbe|L	?H΃+ZO	Õy({2\nz-{|:|Y\\?^sG^u<PwndnKZt|#\ZѼ[c1觓y({2\nz-{|:|Y\\?^shΟRC`I(d,oU)d+~\0(+i$*Ox{|\"}jtG&Ůz@Pd[=\'tpJGi>\r2Te) ǟ\0YLxl]CѠ-r$BV!-¬+	!1M=5&c)Sj[n5qU\\tkI0i䭴)gfѳd\r((*p]2~:X˅,BP(RkG}\'֪GDro<ZנTfAO^/s~ χO7y.tM~V,Jd*5ٛgi.8*81bZo7{afI܋YN\0\nb[k)\\e5Հ-\0̑WkծyNu3l{2DVj\"\0\0fpB0<n=P[3\'J\" Ĵkq8wb+G}Zɼks^P==zI>>f.үQѭ:vZ[Rm̆kSx58U\ZIv4ǈX\\ղˀI8KeG\0@\0`kߥe!77K\"O^ST\r~X\\)·[Ą4\\ڒqP`-fAtYZz%pQ1MZ=z#97-pk* Rߗ?gç՛U<kKZmHJE\"IF(lOgpuy!jI#0һ7&^i\"#V):94m}ĺ\0թI\04Me\Z6pwMhxAU#97-pk* Rߗ?gç՛U<:4i1ֱ\"+鶡AI\'\0f֪ODro<ZנTfAO^/s~ χO7y<NEK\'De}ڗXſkRi	go#PJ\07!?VHOƇՁcƆɼks^P==zI>>f.үQIĩ*Tpkۅ#:B`1\0\"z!	w5CِSשo3j*\\-ƚqF,HpZqJ$pZc7+N	HpD\0ؼks^P==zI>>f\"\"$0RV$1[t.Mmлc5B~D1[t.Mmk5B\0\"km#D1[t.Mmлc5B~D1[t.Mmc5sueamc * RߗB00a>fxkT>T֨|PSZCMjʚ5*kT>T֨|PSZCMjʚ5*hjAO^\00\0\0\0\0\0\0\0\0\0q23!01ARr \"BQ\0?\00ڢqGDqGDqGDqDڄՆojlsK@I\"6\ZrO\0M $IH\0\Zw[D\nwe\0Tfo$s7UX05ičC0ٍ8mQc\r`3A>pޤ*ZلJ\0P&\Zj@u7\r>p5\Zapڢ3\\@8)3H^UXީ\Zapڢ3\\12s\"(&98۱V\"C)-Q#PL6c~TXfk1fIfA+ k\"poa{b-Fl6;Y%Ηe#H\nKUdP(\0Ͳ5f7E6f/5b-^S\n4M5f7E0;\ZcaHm\rߣ=&o\0\00\0\0\0\0\0\0\0\02q!0Q13\"AB Rabr\0?\0Ȃ\r/s88/s82 pbe]GrB0@\0{b(5Ȏ|DNLhjP7\re\n\r-cےůrK:%]d(E\"\0q+dtWEʺiS<78\\;nޒ\"I@\0oP\0RƢ,,-~\"M\0l2WA p__VRY\0T삞迾\"e]Gral*7s5G*ze6n\Z]3Ԧ\"0v*:8ȋt0\rGJw>rC֤\"e]GrjTV R(Yf]ܕ\"e]GriUlUYQQû= A\"Ǟ\"e]GH^a.;qK%sqK\\wO12WA','formulaoflove.php',1),(3,'DREAMCATCHER SUMMER HOLIDAY','Contiene 6 canciones','Contiene 1 photocard al azar de 7','Contiene photobook',800,'\0JFIF\0\0\0\0\0\0\0Compressed by jpeg-recompress\0\0					\"\"*%%*424DD\\					\"\"*%%*424DD\\\0\0,\"\0\0\0\0\0\0\0\0\0\0\0\0\0\0\0\0\0\0\0\0DZrKoSV]U؈Fƒ#Z#6(T#5+EFQ(%CLJNW\'<\0f!E*DR:&I%Htq`L4\0L䒕TU!튴U]y:H}Z/0-K@ڮjoyM9fnWKe\"c\0k GKSYvOAC>|:\"zr|B|ۯQm-9T|JRH>\'?%]~RuTfr<lq2eRI\"`Q7؜n`\'DX<SD,GB𩶠׭ttCo7ZbkbnZN\'7N\'\'l\r?;/ΌviLMc쬙GczwݸQb% \r:y6vp?Mw!;hGc6zL8ܪ>fNWMZERptQtK2[IF-wEY*y4{]w![gV\Zf\0\0\0\0\0\0\0\0\0\0\0\0\0\0\0\0y\r1\r4 J霦R!tٙ$eoB\0o.Si\nP$e^v]Z 8o}fDbjy8ޏI?\0\0\0\0\0\0\0\0\0\0\0\0\0\0\0\0\0WfI^2dsNA,4_j=f-EεW_5!Vc|o)3Y(l޿N?yu	\rcmSlQԛ,VF~D-k&ʹ)lܾBm\0!\0\0\0\0\0\0\0\0 \0\0\0}ޙshr\"Q*hٟ}sݿfB	G\0G#>\0ű3=\0=[oǯ`}\naQPr\0}ڷ]Zc݅yWWe`Y7rVĖυr\'mϴFU^iT()}.8$cj6k/WBR\0MezJ%^d2]>eVv9bJR˱yVm{_3^ ;V/dbYZ@vj\0.<}ͦvmW21iBnB\0[V2J]\'c`ܶ%=Ҳ`Ͷm-(b^GԪeja;Nm+9I$.\nN,> d:m0vv:u}Mlz*F8c\Z70-m7w_ds\r݆*bb}Kv)dX˒ ^^)ܬG	{*!o~qo$EvB[[5qeȩVKsy9<|Am%[K6Lmֳam\Zlde{ 6HГx9ݶOOC5dFC#oXgY{uIwYCv9l5mK7¶i=M&pRiM%qd;Tc09	̒z7S٭7Xi9>;m[$2oum*>q{?$~\0~G~]l!c*%{%Fɳm2P[ޖ2[c1cM}ݾG̛\'YNKi/a7,62#K\'L(޿|bcS/ZYEN$S;m\0A\0	\0\0\0\0!1\"AQ2aq #BrR%3Cbs$0t\0\0?\0?3X\0~cQ_z4|AFFϐ~B(+Ip=\0N*Fڟ\n](=Xy0\r@.|oੈ>=/Fr\0/~c>?B,4\0&|?c\'ͨsPO Ɔ+Ryf yj7@O_2WQUhE$eRH>S1.|>GN~zQ%<vý>^\r*;XJ\0zδ]Z5lC\\j9B;,cI\0$x\'q=i$FWU;A`[\rx\"OUm3E?2rx~xaaN*N0=ic!$?FL_NEĝަT@-fi	%d~WKoF!TAϕ.Fkx`:8^=w\ZH`E6\0Eew\01g(ɵ[	\\yeY#u1@5nĈRp~ݶyS۹\0)uPD:TRTsB#zIT+2V8=x_z\0^\"o	?c\0\rCr#aϐ4,$$`J\'_#Ԋ.JxW\'=I-\04Ae\n	#НIĊ7|\n[QJ$|%Ku898ɑI D	?)4{iH?ݚyI-Z9&Z\r:|/״zpjD2/ʗᓑ(<Hz0J8Hhv$Q;G!@_:BA 6S<Dϙ\02*+q07\0sq+/$E!ɖ9cLщ\0oGF5ì&쥍ϞQQЕ/Te|n(+9SʟP{9k8yȧ.4cjn3fmSAxE})$<\Z&F;?J$<+/~D<TIdnW<zq׳h[P]X9\r=9X4w2h_3VrJi5Qy+Au|29sS&:.eqRmk}sRtdbV):TScpI%0G<]YC\0}@4HDP|@n x>Qw?U\"By>jH5 z\ZrsQQ-5n8!K4E4(zA}hOψt4A$Ew̊Ȭ21Ǩ=y5c9\rL+ЏCA<|IԯTIa<ޫoNsk0,29@\n\0v64$S*?ʤ-\"[/\"8p :wpt&kʬbTײw	yi_pmEƧ\rrv?sQ߾@1Ѳ7n4hBe[*Ph- herwplf8]W+#	@hwΦ@z\Zf!xhaMޣK\"&ʅ4M<ǭ(}7\"l]{J`y	WdF;|K@]y#zEZ1H9zaI0^nވ}ŷ3$yf4URgxđkhX\05M̺ůvbTHH=@?4\\¼ťfY!/ұdBrVf944DN{uFG/]n\0\n;WOŴsٖY&X\ZbN\ng+OI{[{0\0&䱯gtjkԸ.qog\rܰJT BNW.4X0cϷ\Z$`\n?>\';r\0\"sGOn1VB]Gn+VEzDOo5#4a𞝘9G֙$ާJUn!#MtR),/.lO1}nfY\\myGƛ[%y8Z>gy׽^7]\"Ꭳ[$z#;[e\'ˍ׸^s:[#D7rNV\'C:[TMuX\\r\\/n)l.OeS&Ɽ e2КNTuNٻVKŕ	]Y{wfp|JyZ籚k.zI-+y+:4aX6V]..cK=Drib3i$p\rAd-ީSF}\0¬:	!Q24=NF_uq6ކ2WhdnC	M;(&)>#׳Ku\0>FZrk\0	=Ae|dAGA]ŶxH?\0jHRVzuq+xh\ZDN\rI/w${ݼaN\0)\"eCq<k%3BĨ8瞵kv6%*oaf-\rRW1Gņgs$R9em^ۥ{RI{i5+hmgyYed+\"	:z.e?5ķRAr#1[sZv\0P}_G-+,\rE6\Z jQIe,![{x\r,ϐo6(Ca (k$8!#Snع<5kkAL~ITb|})El26RO-$a;(r8\\Z\0әeX#9TE2EWR\'aqI1\\mWw}qg=դD%$_RLw\Zcer\\`dfnm-lu3śAݻ	[ÓZ:u{㤪\"ڕrHT#:{?f^hVRI$DvGě\\`+E{j>܋J!jlc7Q	Qnz֗mtԷWlcy\Z)K3N_pֱmTFWhѹvH6sjH-Tm~oC\ndu.ѩhIn{;c@V 稩E\'y}i5e*A*GP?0J	qta_麌V}܆.$y#+yuN%ݬ,倛=5Om-IUL|n`aZ& ՅkC%嬖&v1K֎]iZOi.$B\'U?8y\n!8׎֮u\Zk$B4aVrw.Yy\0րe r\0 }sOl;  _:dKZFIJA>;EwH3	h^fq-cҕxaN3ɭ`\ZXܬٸQ(ySJqM3B+~++Debr\rCrۮI_9#PCeGsp1Fj^P/{epÜԱjP;4đ$`&vEh$<?M4i2~	GQ=EC[O܂aY:(ᇡEך|&׹cŦv?QҐ.N*ZYU&) %ay	%i-ہMt;E*(KorIuSՔ,tY2޸ϨWq\0&i#\"gI	\\v\\]o\0cVKc֏iFRm5qGgcxPj0C0A19s>5|,W,PJz7`/\0u,- Hc`ZnҠߘȽy/H&ᜲW۫e[-R=6h-\\+8|᫫9eF/x0^V{Q[g/bm},Qr[HPfW;b9Px\\~u=va[N*tlucxCguy#kXNjaPWv=K<G|R i,d \\?0ha<4,\\|v^طN|j8n0*sa@$E<^\'[<i^͚9hWͣ\'nKm_3S\\ϩEe۹$\0tW{`w̒<xM_?ImF!KqD=(]H̌NbO\nWz\Z`}C]2\\01r\nԭeaKy2F;sEi~jި\Ze} dIdn*yS߭%Man ~Z9ʹ<R+qP\\D.VI9Ʌ\'M-g !hX⍥űO*gDw÷479 +8hripy\"E0ނv\nx#m9\rVC$Z(A֎uH28WKw$o&_#R`,*+\rij:|X#Svd\\	{\Zf_)Yʲ\rrv{ֺje^0Z7YsT]mfԝ2pdHWis<q!$I)ԯr3(xq)\"M^FF\nRKQf,X{!S#I\0t`J+8q+֤A_ִ	ȁkPMN1A{WdT6RFrUc(W\Z#ຈ%ޯ08hb=OO_z\r8`~x}BRVQC0S0hnh}*$l푰*̂=F\n/}`F+L<r(Rס\0q]bnm,ex4w\nh$SWz-GL\0\0N\0W\01;`FsF)\Z<xǜPK.z^HѼTh~b=HY㠘\0O-6Q-c&ѵQmrsqiSzoQNx/qV\ZRZ@bulcN)Hف(̧2Hh}&\\R2RYΗ\ne=ae{$ٌmt]VW6CMFC\01^9?1_\0+\0\0\0\0\0\0\0\0!1A\"2Qaq BR\0?\0o7\0O]{Ƽ)M\Z[,п}S$uqeϠi`pua|5	!E,PsP\\5F\\u\r֩o@\0&{˗e\ZGh\\>$my(TO\"CLv<5M[?fl\0_uj.\\\rL}qs33\'RtކB/cl%\\gbo\0g_+\'jhZj]o.ŘZkjɿ4sBbaҏ2t[e܁1(\"gQg+s@wr@a03VxS\'3d˙FԺ[+1t2O%eB+YX`Kb؞YsVD&R`sS3P3+\rD؟KlJ Z\0QO0@\"\"hX_=K[c>6M$P1|$ng!5Ԯޡ.ĳ{#paN/y\04\0\0\0\0\0\0\0!1A\"QaBq2br$34C\0?\0e?LKxOJ}F(Y)DbCP08zxq\0qOh3LK+ߴܘj(+CKh-=vco\\dw)k]SG?\rc&K&;\0\"81SY!p~aPFWOcxN	 ^eQ>ncTdu;H0F@\"aZ	vgT=0C=!P|Ga؈R9Q&\"\Zջ3ozéS)r}\nd`H~ rcDm8QQǨ]Wn[JJ\n@IQZjt\reRQ2v6biB67}NʢR89\".ByjݬN\nylNܰ$j~#b͠m=`PgH\ZT=қ,@<sVH/iTaw.3>Im(h14;ISPv_*gJJ(ABN9Q\Z w3cUlw#\"l&Э#1]&\0ݫ΅iDm}Qj\0>lBKԊz_Jt~a2O4 2܏50B1GVfY1X݅]PM|U,(O6GX\0Rێ2\"+˘G+DeZj?KW<˚\ZU#M\"լIPss/6V<{:or\'Xq3Ir-gB5NF<Tl0LTD\0K60d	Gz#*m*U6?8\Zi\'݉UWN`=y}[@7ϴO\0C5t&ֶ#Klj#sūɎC+ƞ;3=CXNfer;;jr8iSY`x=#\0եznTsB%hF@#%`,  \0q6zcAF63oSvyȚl]-ٟA IMjZ0!Ds;2iDs8mY[Ecۼ3]zR{u+0?\0!߳','summer_holiday.php',1),(4,'IMAGINE DRAGONS MERCURY - ACT 1','Contiene 14 canciones','Contiene poster','Contiene photobook',250,'\0JFIF\0\0\0\0\0\0\0Compressed by jpeg-recompress\0\0					\"\"*%%*424DD\\					\"\"*%%*424DD\\\0\0,\"\0\0\0\0\0\0\0\0\0\0\0\0\0\0\0	\0\0\0\0\0\0\0\0\0\0\0\0\0\0\0\0\0\0պ]Ck[-V۳p\0\0ˣ-u:?j\0\0<>SRQh\\T\0\015<5qKM?ʠ\0cH=~+|o=\0-Nv.u= \0mUGBսnŀ\06v]=̿\0I)g(j\Z#\0ܯC\0\0\r{!_~}I\n^p\0xsYiΒ_>{ \0ZpE]YYHFK\0w9 ?Ç>wp\0\0>\0\0\0\0\0\0\0\0\0\0\0\0\0\0\0\0\0\0\0\0\0\0\0\0\0\0\0\0\0\0V}\Z.qJ3 \ZNy5oGL,Ly<.&\0|}4\0M\0s6\0 H\0\0\0\0\Z\0\0\0\0\0\0\0\0\0\0\0\0\0\0\0\0\0\0_}\0\rd)\06Ǔ$qmjsxp\0\rR8x߹g<|\0\0\0\0\0?\0F\0		\0\0\0\0!1A\"Qa2@q3Rr B%4`$CDTUb\0\0?\0Ub\0Ƿo-dnA>}A\"wxR `ބ7h!&;}ueLpURKH̷|ESMOHYg&˽\0b~76\'cw3\01/qȯgĺJP\0\\Ovw|_Fx#b|˴6SqۀNh!cGU!0TB&xP\'\ZfXn͝KKzܼ0zbw7d#\0MMx\n7G,J_7}F<eyBoֶ8ÑUFS;JP|eI^T@e+حh??9eIP̡?ǥoF6s{z=y+De\Znz[\Z!IR2+Mfg.jKS\ZT&> \\6TL\"1ud29uFYH_<$i#dE\Z#;_f!ƍLF])	)p=8!n1M^dJfUTSZ JL\r${{oaϮ*.O4l6kc\'bIcN7澟1ZrlRT`t~/1CWYG]VTPզ=,}8_2P&R\r}Ye>8O,g\\/]:fܚ	>wFn?hYKSdyJV;N祰,qv/&#HI6\Z|w?u@DYc{F&YeSbG,7vfBS$+ĔW/4̑IYߐ\rn{c4qvDf6GKjwjD\"+][u9I!!SpűTi+l=[9	RC`6L\rƛgbi\0!	eQ`8?~!\\ũ+bu;QXOCVTᡜeٝ9XsK97W8FT!v+}*	;?/!%GdA}#U@\n}@=0Tb_{\0@=5rM(R.\\v&>\0q6K9[EIYRMV$Z-5-lO+]u6_n-<}@#b+C[S{h_S3N8.⌽zu\"ƑNTl|ic\'ͨ3/βT7VEԭehtFRHRڔz^\Zk*fB_^\'q%ҏ93$;y- O<C\" *@?<+ՂY}_xͯG\\aH3	R-^wq#;w_^o|0iEOwrybW=tvWU}1^鼹bqf/=lŦߟ~H\0	ڃ2ҶcmVV%pE\nP{\n\0f\0`c`veڔ\Z䬐+WiȤ^kye6s[EVD5ʕ6Jwof9&QK啰KSR^˨j\ZqVESbf3+SU){M,G2NJz$$]]XHMKp\'hn&qq+\n7Ƶ\0vb1LjA.A1Docш;vC9fYQvgU՘#2>M[gE)P.H>佰ÛIG|>YyV\r\0兔#Ib[0\"1j>kt>[O=>.Z|3K]eKJx14]+\'u9Kw5\"	<0Ci|;EF(e\'T_ef0r^5+TR3\ny)\rFq\ng/?{}zPFjyQW\nZx5_fqpm\Z@\Z1s,j.eB<72A$rFjv`Oɋ.o0UEv~^\0X%PTW\nNO2jj\Z\Z|s\r++ueCp6\0ؐ**jEX~҂@?c.ӧr?	z8*eWdql33{\0\n\"竮 	f/`\Z\0\0c;%t>>rc<ȑ6hH1HdOrdBwd9U/=N_S)vVԎ9p\n|IveSHeuic	d#hs$8Ȳʼ2y$)$<*񺼧8.Ý\r!X/;yy㼍\'1\ZUGFˁUjޮ8Ѹ[.>JFE%\Zjj)&Ë8<|ԏm+eWuY5E.4폀. wL\'4_|a%.]a^u8Mf_Vk\'vb́m	X  nEX\rn\rfU4M}$,$NXDm:N#`0mgPfvkEF!caD+9[,TuDJI,m\r}Ab0ͧ5y[WwrOżO1*t\rMEIT_qS!\0\'=En:uX;#q-:\\pq#ـ܍P.Gf-JXrUyA-m@~|	؝Ž|-o<G\\5ȱ7\0L\"L|7bj\ZHkD؇b()x=;+Jċ8u$^͸\'J`NwGvx$M h.[Q:\'^V\0[̎x<\0V#f`\0\0B 犙]0WMnY.xV y01`U\ZyqH@.=~+KBO&q@BO}lOйn.74/Lic$]P>==q=Eh~l~u\0𽸀x$E$A|K76\09#u+\nEauqmOVJHOuP%c\Z_I Tx9(k\0)EP/T\nH%%@kt\"cbz	W\\cXGـYv;a$i(LFjw%k(p.]@;b:,򁵵/MC\rj\0$.vL#ΧQ;nbUU~Q]WRԴ5\Z:XR^3j\'6,:f!=cr0VYgCeu(s yFccbP3\'[AqC\Z!́;AzIv2D2ӘkYvxk6yxc0LJLDm$l^̙\'bv<w6cQ9bYZ]FCE73;\\ښS%3Qyw1{XsHyV7#٥\r6ڐ\"YA]ko$*(jgBr6**v_\"\\,ˁ\0k5+ck\'qh	ɠi568/n	\\BQmu3~9^aXbņ,1aXb;\02\0\0\0\0\0\0\0\0\0!A01Qr\"25S#@B\0?\0{M$Fyߪ@&޿^QK)]:Md\'ПV{+eM#yjep%FHx Wyu@қM!yױBDl..47У\0>akl8+\rYb\'fݘ\n{RkNphZKGBuZG\"AMbxه:q\r%yS/GX$O\0O6-Ui4	0x6KΨkq	A3aW3\Z]N0oJd2	ƙn)]۽WۿR;2*738*\nT9\05\0	\0\0\0\0\0\0\0\0!10Qq25Ar\"3S#4@Pa\0?\0<0<(W.{q6.	%cp3F={>󝭜e[_UyPf6?\Z\n1?2SA.4Rb((_*UkTUjB!I:^*+o.\0Wi:Df*o#L6p59<SR|ODIM4yaQJ訨G#$9[g2O}A4/	bSy:U;eq.pUO$f3\'M	?`fsde~syt}Fs#-w܏Df+r','mercury.php',1),(5,'DUA LIPA FUTURE NOSTALGIA','Contiene 12 canciones','Audio de alta calidad','Contiene canción adicional',200,'\0JFIF\0\0\0\0\0\0\0Compressed by jpeg-recompress\0\0					\"\"*%%*424DD\\					\"\"*%%*424DD\\\0\0,\"\0\0\0\0\0\0\0\0\0\0\0\0\0\0	\0\0\0\0\0\0\0\0\0\0!$\0\0\0|\0~\0\0 ,)P\0nwmb~\0\0 61Fد\0imFs.3κ~\0\0~O	N\"g]e1E\0@ݏy,6qkrU\0\0\Z8zӒ2ڰKuT\0\0@X[.!\0;&ո?G_-mP\0!u`m+0?/.nx)P\0\0g*7@W+c7P\0`NӖ?/?[lF>P\0 ̭9V)!!df]\0\0k\"߯^2?b}w\0\0]\0\0l\0N\0\0\0\0\0\0\0\0\0\0\0\0\0\0\0\0\0\0\0\0\0\0\0\0\0\0| \01H/@c;\0Z?eWq{\Z\0We@y,\0\0\0\0\0\0\0\0\0\0\0\0\0\0\0\0\0\0\0\0\0\0\0\0\0w$\0W/Z\0:fMt\0]qle\0ޢ9>b-?#@p7\0Znk0\0\0\0\0\0?\07\0\0\0		\0\0\0\0\0\023@UW!1 #P\"$%\'0DRa\0\0\0ƅY>\nݒR$;W?#3}=;W?#3}=;W?#3}=;W?#3}=;W?#3}=;W?#3}=;W?#3}=;W?#0_h\"BX/OKg26?,ϣ](֣-ZSW`:Kb)1wVO2.?/OKgXffGU!f	&S蘂!HtJǮ!74vnVl%ʓBdvxjt]\Z\"&d\0\"P\0XE<˔\"9zr8Q\"*KK(2TT_&v5P\n\"p0ރeklIbD,BQ	|Ez^:4Uperb)&Fl\'\nbJ(Ċk4ܫQA\nt{\ncr<\r_شd~Mx+	DxIAK~j	Ɨ\\O\'!,$#9\"\'04le*̂҉SbF<ʰjA#>yl\Zp$O\0y7,e9%\\ȪA\"du3c)$ 8_\rGu!!WY5:}Ifp:PaqkU]Y	\'H&ڑ3&;r6>Ht-0ʋWyHG	SvBP{FrI?,dј<WH%HȲ$:5\nuc8)	):fT\n5_ gIH(hz*QUIqBcAWp˷V9s+H(~!?/G?,O\'9&FBTKrFai!#v)״\0YfijDj#d(\n#Za[5+$,8*Mp{\ZgR>·M^@\rp[\"LYI?@,^#\Z6<A22N۔#$z^:Ò h>|*իUUS\0BLly#;@CkJ[/]>˻W\r4N3vL@\n$taa-\nh[LY\"Q1PYҒЭzظnA}IB	 燋}[hrK@0>!^-IS*UDA9TTPc<]$8h.5tpTc!vXj(@?X	;u.c8}c^0CDQfYw]AaĄ\Z2gQrP2CAMR^bE~\'.f	\Z\"\'0tCRX%ĺc.\'kM6ߍy\Z,L\0Dx7(ɍΚl˴D[Xpj !Ϩ\\IS}b:F\'a\r_H8I̱/c2yVLݺqsrL^HSB\"TlE )DMsXd)Oʼ\\O\'Y[Zvn.!8rdi+D-&j,Nmg6K+T+^Γ;Xך2PXe_j#6E6<U}UZal;F,5{.Od%m^ \\O\'U%9I\']0IVMw4j(EZd\rb*Z >ܗ9&DzmP+rfto鲌v-fK@,hr:&-HxEԪ,`^E\0pA/|Ez^;|a.\'-{Ѭ>oɶ6w&W[ܛk{_;mo{rmu|Mɶ6w&W[ܛk{_;mo{rmu|	0)J?\0?\0\0\0\0\0\0!12@AQat\"Bqu Rr3#$Pb0S\0\0\r?\0\0PT,.tr_7{=|_7{=|_7{=|_7{=|ZGE~ZGEӶ>:ٺ8C}DpA#?+HOR^L\0|%)wh)\0hor#}CHI ыt=9t];c˽{@Z49A	g~߉*y\"d!G~7\nw2o(m.ԅ:pZ-ΫA_(w* ^X@c\n7\'t5ZGEӶ>rG;|0]57\"0?]e\"\'ڐ`pCEOĒ:8OS$ýi[s-J\01x>^klLR(q=dVt폧v	\n<I>Z_WrGGvD\rmxh0\"ث+R\'\0Ü_#}fG2?nQ!l}=g2\rX8+Tw	5X-@?Z8^+}8D\Z7dٮgey&`Pd\0\\{*qƠ!ϽV֑ ]$;ZGEz7RcJHB:YH#_챖CEz$71ZEd\'~Wv+f[:[h\r;+@ѶwH\'I\\piၢ2Z{Hl 2t,׿lˈ5NILr+0l`k[m)iZwGZGEzY؉AI<\0&Dn\"g\\I=D71@\rrSp]	P40ѫ\0UN	(*-1uh@G@8\\FdG$pO\0](dL{H~@mu6T\"{	{^[ǹV)8|fKt=@ڲƇ`<5t\\mǀQ9jv{\r{n;3S[6x.pxA\\%ౘGPhmȹPGmvcŒpc\0 <-XNe`	v4bc}-Gf\Z9#R˄Ư<b2Vğэ湇ؚ?IfŲ~ob\03I<MicY*Fi\\VBUB0i$j\0P$v	8LbnڎE<R4\0f6An܎=\r50ub1pVЛP]Z[X\n+ilk\"E^⡉#1=5Q8<R!O}?eEdVq>\ZHK%y1Ɏ._dTii7`A=\\+hD^+Z.p 8VZ\"YR6G4mJ?*rl)r\\6Pܼ8AX0 1Qlk5-1̏\0K8Q$,a-~4T`N\ZZeqdVq>\'U1BB1^VR%8\\UUՂ\\G`UTa#rƃH48#+nVkͤM\"op*ّܬPGaG4үCu7Uv[B$`tI`̡p[N`\n9ܕqC7WSJ!1e!IpZhx|\'du_NEiNzH4˦A\"uʰ@\rDz$*X<k k*^i\Zt4Z\n0^	T=!rKqbwԒ`#]\0>USo\n\n(UxP7WzfO\"l}?@ȭ#~\'}gƎM$~޼U׊zW?o^*\\xs~޼U׊zW?o^*\\xu\0G\00\0\0\0\0\0\0\0\0\0!10Q\"2@Aa#$PTq\0?\0V\Z3\\(ɯwY-!]R\".qRxVQJ=-6\ZMxP)fPۜh|z>n{RHfȫnirI1^\"I/Iep\nA>eQO61	,\\S30#cW$k|Vuu&]Yo.27QVʑRwys\\5sA7/_pFp\rp{[SiX>bnjӾe\\~PreM.Ko&Ӷ	C4\">ڱ;TI!S%Hpt`ATX;Pt ՌAS\"J]IyfYd9Њs\Z!LNQS#rMGPם5+#\0\03\0\0\0\0\0\0\0\0!1A0q\"2Qa@CRPs\0?\0DCNIH nv\n2|;i8\nl\0uu\re%I+OU\0rHC\"dU+2Ɇ<g+!{c,W\0~(D8>%%YZ0̬ன}VӤ=:RGE?]pF,scL?}S^k-FM&]v_kgVAJA~F[s1u @-Mѹ\0 Ta=}VU_Bq98\ZFłȧptH4XCho\";#^]O%I5lLXDΨ$jc.\'?M>\Zмaw9u}[3RD/*VDMnTfy!SqF/YXjǘ״8ܪNk#_^mN97qT`mIݵO\"SMR\"G6\\#C>ǼK\r5:\"<f#u{6IUG\"8l\n^=\Z>!4eN)]jyږ@Cb4Z#bT#A:_a,[e}Uq~X).xN<ع#\'8_','futurenostalgia.php',1),(6,'ohoi','123','654654','123123',65465,'\0JFIF\0\0\0\0\0\0\0Compressed by jpeg-recompress\0\0					\"\"*%%*424DD\\					\"\"*%%*424DD\\\0\0,\"\0\0\0\0\0\0\0\0\0\0\0\0\0\0\0	\0\0\0\0\0\0y%\0\0\0xE(>sǿ6N\0\0\0Ԗ~mEҲt?\0\0`cd$ʷN:q뙠\0\0:2C`>45{8̀\0dPuO\0\0z[.\0u\0\0ӍJlX\0#\0:S2g(\0b]hx͇J\0Q5lC\0q񍥖\0\0Yw.+8|{P\0\"L!IW`<7ΞoXW]minm܀]t٦icG_κM\0\0B(vvC#xx}ӹ۰\00;}m&\0U\0\"/m4n|EONd\03r;1Y+\0xo<\0<m!\0\0\0\0\0\0\0\0\0\0\0\0\0\0\0\0\0\0\0\0\0\0\0\0\0\0\0\0\0\0\0\0\0\0\0\0\0,\0\0\0\0\0?\0\0\0\0\0\0\0\0\0\0\0\0\0\0\0\0\0\0\0\0\0\0\0\0\0\0\0\0\0\0\0\0\0\0\0\0\0%P\0\0\0\0\03\0\0\0\0\0\0\00!\"1@ #ABQ%&23\0\0\0vF?>D-e||T-P2.Uҽ9A2Tug[F6e9wu>3v4V)=Ed5W5N\0~]!=mlA\Z/B5Uu/ G7xiǍ|3ԫa|!Xw>@F\0ue\0r6h3͈Feo}li:K+v oyFJMگv)*e^^Y]UH_\rD\09OZODѨAͩtQپIޢ%o,RhQQ?#9e0줣_$<*2GxDbh!be KlDX=\0=doilqpc;/x;)ɬ{*%tT!ނހ]Z|If\nkjA-O_͕n/iŻ۞}zCAY~?~v9Gd3Z*4؇})Զ{.6Y-+![\"ư\'r	gd%^mտ=\05+p4\"=W~MpF#YPZR]8vV;AIUPR0Qfy덲2UOcL*鄌ywL2k`\0?B3!%m$\r^ڪ=P\"H7lu>Hrf=ޭ)ԬV<iF-jwf\\^ݸ%I$E̯iV_:=\rq9U:S?T\n(9^ėBOe\0Zk9Q~8$1[Sm2	SƟzL\rib}DRi_dGy*xვ5e*a-$XY=h>RQ\ntcYMEf\Zlks=F+AisQm+KzOUd29h-%֎W\nbxE5FL/	rk\ZcjyX\ZRyտ_fFȄtq2VJgʴXs^2rd\'mq;\0|`VflQ*2),dg_7O>Xɯw?>\r4:C06/OcSKg*W#\Z$NU:Tx#8xHu|>EY.ƾΌǶ\0ԡG7WwX\"Ozz^ek)%zO#\Z!8i/ZVjk\nkѕ?վa~_:*DTdq8#H Hʨ&27\"J;~pA#,KUW{S*T\0^o2lL\0ccؽR;]6wv;u:={	yPߴE\ZxB\"/ZoVqF	5XkozZWyj쵃McykSIgLU$ы;#~OC<e;\\\0gA):drBC,O+Yq\0\Z$\r|o)(_ث+//!KOd[\'VBd,y)\Z+Z,reMAdZDP\ZR Ջs\'QCEqdysb*|>!2e_ffq^>2\0wWy__\Z-!lXƹ\"r>(ºDƐ~N߆HD\\zۣ;U8{#.2:9ƻ[nq>\0<CxT]>qy<sIPnI\\-˝c^\"?̊%U^ȏkӻ\\%1^9qxVw\Zbws\ZV@/<R{\"bJ5Bbwy\'jE@<[\ZMSlG.Qhg\nrYt,^MkǿiN/\";o=K|bxg2	K+&\n禮G2[#:BHC~3\\Y	mfLr,}ˮ(}$MN$&hxHE\0A\0\0	\0\0\0\0\0!1AQa\"20@Bbq #RCr3Dcs$4\0\0\r?\0RrƇ٭_9Nk.+&A$\0\Z5^\'\r8.I]\\8`HIfdTwzY<Il+U>Bm1E,\"aaAP{Z:6_Qn,<S\'pꞪp)^iNI=+t\\l`iZ+Wsvp#hRN?I|HDL\0gp֧񜴳.5qbi$sQrM8}$ߟ<,;뼞yQ+g?awj\"4?s%%	uC\'7uvg³Iϛ\'\0EONI	~7@DG\nucZ^C=ĪvE9(<¥\"H1u/HcRGˉe۹zhKTmAߣndAy;`JD#\rپu# QRb`pc~<Z$Wlw@vEs8ol7o_a\0i{hp7*81#Vϔ2.^	?K1Z6S<Uh*NB;sh˾E\\D\"Z7\Zá,XͤVLcUW( 4%SVQ,e=|N?HHslG\ZC:gYO \n&A4\\_ڣؐ78Ֆ+Ѻqbo佈QN3\nqdҞbeM38if\\wKC@Bt7>Z(\"9\0-Y{IR3Yi츅Oii4~zI\Z%UA03RFю۫;<2A+B\r\nI.?ʸfug8{w<q^L6%4K#DE,\0\nRQɗoy;Rs-\'{NA=\n\nU]\nӱt{IpLALvܑ\0T(Ij\0!,xTr#nPvmd2}wVh﷛?j,>(lxStsJH\0.q~MQ׭gI:#V84ljZ<S^a&q\nBb#AűwE۾~wvd}E`kE2q7vs}XXAd1mb>#P$ZIyF3µCd`ħҙ- G&\0oEr>;S۴VK=lXncYP8h .E{ިNs?0xN$]Χe.f#pYGՕv=cU7 \rd@Hpq:YkPp-.䜙w>?c 2zF	t5\n\0Gw[YH>ung,#L%T&=IO)w=9Knu`VZdr?\ZYِ5\'clN>9TڤжZyy{k>(1#SCx*[5`SM܉>k Vԍ=0_iye,:XCrHhĤ\Z0vna$AsEDʧSO!{qGx\n})y緰{ҵ\'==W$\Z 1םQ7fu!XxR-Z(*+yv(ζ]m~I:,g=#te\0h]oE>4ea!8&\0w[N S\"=EM/Li2vC12Oq<Iesř-y3Ԇ8ǵ\n1!ur9Kr{R?ey#mMâ(q\\ZY돋^ItHcj\'#EDY\ZžnKi(]\0pthr	s~.t1YBNZJV˛{D\'iw=U<Nju=%H\rFF߮ڌ>sfxZ}ṽAz_n0U:[̞	oFDt ,S9\Z\'s]eZ?_J\0{hP<RV8;k1-ލ3A/	bqTdKT_m\0V2!}PIVQLLKT$Kgg~?m$ц`i%eĶS]/}#9Epy9`T@4 j\0\'8#X{@\0\0\0\0\0\0\0\0\0\0\0\0\0\0\0`!\0?\0I0\0\0\0\0\0\0\0\0\0\0\0\0\0\0\0!APp\0?\0Ċ','g300s.php',0);
/*!40000 ALTER TABLE `discos` ENABLE KEYS */;
UNLOCK TABLES;

--
-- Table structure for table `headsets`
--

DROP TABLE IF EXISTS `headsets`;
/*!40101 SET @saved_cs_client     = @@character_set_client */;
/*!40101 SET character_set_client = utf8 */;
CREATE TABLE `headsets` (
  `id` int(11) NOT NULL AUTO_INCREMENT,
  `titulo` varchar(255) NOT NULL,
  `feature1` varchar(255) NOT NULL,
  `feature2` varchar(255) NOT NULL,
  `feature3` varchar(255) NOT NULL,
  `price` int(11) NOT NULL,
  `image` longblob NOT NULL,
  `href` varchar(255) NOT NULL,
  `active` tinyint(4) NOT NULL,
  PRIMARY KEY (`id`)
) ENGINE=InnoDB AUTO_INCREMENT=32 DEFAULT CHARSET=utf8mb4;
/*!40101 SET character_set_client = @saved_cs_client */;

--
-- Dumping data for table `headsets`
--

LOCK TABLES `headsets` WRITE;
/*!40000 ALTER TABLE `headsets` DISABLE KEYS */;
INSERT INTO `headsets` VALUES (6,'LOGITECH G535','Conexión Plug and Play','Altavoces de 40 mm','Compatible con PC y consolas',1500,'\0JFIF\0\0\0\0\0\0\0Compressed by jpeg-recompress\0\0					\"\"*%%*424DD\\					\"\"*%%*424DD\\\0\0,\"\0\0\0\0\0\0\0\0\0\0\0\0\0\0	\0\0\0\0\0\0	`ؾo}\0\0\0\0\Z8l{ߢu^\0\0\0yCQI7n^ϼH\0\0[2F-\0\0FԒc-[\0\0mﾡyNT\0\0/V-`\0\0`p{GCfWڝN\0\0+,-lEw\0\0d>{d-Z=8\0\0mו-k#J9H\0\05WfqMe\0\0\rkV{9UxnY4t\0\0+~Z(=<7\0\0\0h\\[~ys	P\0\0dZջ><^Ϛ\08lݪxߢ{jh}\0\0HmKŜl\0\0\0J|l\0\0\0\0\0\0\0\0\0\0\0\0\0\0\0\0\0\0w<P\0/q\0z޾p\0r̴֠H(\0\ZP\0&К\02o\00\0\0\0\0\0\0\0\0\0\0\0\0\0\0\0\0<\0_/t\0(?P\0&\0Pb@6\0\0*g`\0;\00\0\0\0\0\0\0\0@! \"2#01%3ABP\0\0\0\0v3]5p\0w{IW$d)űϑHzv\n>ZhLngPnQ[4׊{^\\VVPZGƝb7ҏOp^M-sp䔇}K&)(ևtu;^..brֽ{\rf5i!vuN%Ag^$^p\0pVFՔMB`2V ֝ke;`\\ӷ>9[QJ̿|ܕs1G1(kՕu}(}m~~ʃazЧIiu4[ZNw9:|qG]%T_fWk.wQN\0*7#EXo䨵SS^AaLlh+:iFUnc6	e}[̶]j5GAy9Z̵>ƌ.rHK;85\\dX޻)9&Hzmqt	n\0>AԱZ52@Raxtx,ԯ,c#ZXkwmOW15uP \0ϸ/N:\'\0j#ȓָ砍oh=Ku]>?-[~T_VVX[uHD]	Cz>Ẍ́>mhSr(KI\\5eZG&F9<%<s/Xr7N(+AdW뫞ƣ[څ%Եߟyݼ}̳h-2QDTxi׻;GICVH?CG.Ga`rwt{{{TEq[(f\Z8d\r_\rV7nUboE+TWY~1Q\0\"W\'\\1{$\"*/iqtGh44pyGy6\r=Tj$cUў&ԍ]Pל\\t*\0\\x1++~;׵ZEn4mFzBS&XBx^gz\ZJƾ}xDn3ܾO2-˽ؒuvر4;N[><7+G^m=`V\Zrʒ\"g/kDqg;}G~<^!=	pvV\"t\n-˕UF$Hפ5ѱCī \"U}`tZ\Z8Ïf=A6E\"|kźM%\nE\n\Zh<7ЈX&j]Vc\\%j~!X4yWʪ#W?/V6UD_\\dROao؝;?kfC^2BUV6R*ٟhFEG\"/iczJD5<5\0O(D0n9(E:Z]U5G:9_t,ƕ$!	Ӑs_%t*Q9\"ybDNP|`wW}1eK/TuӢE\"6\"1uuv=j{O]M(-Tȋ<׆7%T/\0\"t}N~7x2O_k$!;?;URx/孵4=-֬<B]TzWlQ<Z	5PO׶\"uRïsɚ\"XroEֺ21K0>8bF{8EN_SXEH\0(W[rs6sf{V#nVp\nMQYTf!ß2mƛG;%Z\\(Yg7ySWǾf5L-RG6_\Z~x__/n\\5FI(bf\\\0D.:r^_\'rN*ޮU|uㇸݾ\0F\0\0\0\0\0\0!1Q2Aaq\"@R #3B0bcr$CDPs\0\0\r?\0l]in(\'d(&\\%(>2t}1\0-О\\EݎԞh=ǾWfC+Fݫ,\"3RR@mnPO>פYنH?/kULglvG	x&*]\\K	odO;kVt#Ҍ}ho,dtoLs>מ<GC/y_jeapxa7ZS񐧴T\ZmO?L\Z+\"1tٖex\nK4xC)A8$yH5n8:SV5h\nEeh\\t2\\8I$5g~ݗ\\E~x\"DP\0U\Z\0\0\Zȇ5\rV7̐ҭw+SׂO!S(Lv=YUzx}ni/[~pm%cʾ![t!8HޠɒAUz*{g=10MC\\0̮Oif	!~\"n*¤ctL;G$J\'g%#UF\"/,(X%\rͣ0\Zoj+KY6m}k	km	a+\0ҟFiKcO`9;gI6ҞE\ZnGF\Z9>1.Ph5p?Re!rIȜlpBX*\0msđfa+AzԨ޹>[^g([g(7\'|Z^nBK3&-C\\vc+`񫍛L}e\0	4K˕f̻%k, pkgEmo1ĻHE~0nxGd XmkqL??CȽ9DRɵk_V\0MYl_^<7G1tjr!xuJ5)b`!?6{e\r2Zn`a3³jxO/UP\0-\nr*r]J`CnkQoVOQsڇ[u\'i<@՘($$UَD^[kiím;2oªP6Z:`[Gc[H~}bf]l1L1*iۋH\Z(-iqm?IVV˖<YƿiZ\re-jfjM#Ncwx89SLs8<kcl˙ne<  ՖђkNY|QHTH?<\Zm3[}ȕPFYryf.Ίp͟v?m8&	I`w~JT:;A*uқ#xɯD&/4\rJxҒaLn]`A$W	qzDcK#\0n$ͺ(8%R(UU\0\r\0Dwj J\\1[@ѓ@?Ⱥ C|8\n\0Ttxv}\Zάk	V#X\"aվ)?_#Gx4ztHShLg2{\rrQRG6\'G<iLSj8FF\0Fb,m_\0A{U&qQFݴ\n2I4òKu73$>qq`6Q<tI᧿!ݎ4fcQ;\"ewS$V	&#Ц7o6>iq%RHث wj f(l8ܼlPPݠ\rn܄.eh[\'n)e:S9{Q<ؖFy0ɩ*2iYRJXk4ojGYG\Z˟8o<67E2fb\0+=^dw;\rA(6Vl.ޕjfY=(?\rJɭ^EkE^Db6#qޱԲ-PFjVG)ja<,$	絎5?7άI7\n(ek77}l3$v+ř\'%][Uϸ@>;_5ɮ\0kK~1ZN6,H>\0>)k\0;Jy?AZ_\0\0*\0\0\0\0\0\0\0\0\0\0\0!10AQa \"#2@\0?\0hA hqnJ,m8VBCNU,<]]K3r\Z2,7&H\\(N\0j_x_ANXԳk@$ou;sЅ1ǩV8;yEmia6\0 rN׈5)xא(+Tz\'\\k[)^m\Z\'/5\nN^o\0,\0\0\0\0\0\0\0\0\0\01@ !Q\"0AB3Ra\0?\085qوt{2=a|ȹ:{ԓh\0.UIEt;0Msv޽EZww(ڢen4q\Z`XpwJw\0:ŰgH%ܩ{WVd`E,I<w]OCL}44>A:<;NThTq','g535.php',1),(7,'HYPERX CLOUD FLIGHT S','Conexión inalámbrica de 2.4 GHz','Batería con duración de hasta 30 horas','Sonido envolvente 7.1',3000,'\0JFIF\0\0\0\0\0\0\0Compressed by jpeg-recompress\0\0					\"\"*%%*424DD\\					\"\"*%%*424DD\\\0\0,\"\0\0\0\0\0\0\0\0\0\0\0\0\0\0\0	\0\0\0\0\0\0y%\0\0\0xE(>sǿ6N\0\0\0Ԗ~mEҲt?\0\0`cd$ʷN:q뙠\0\0:2C`>45{8̀\0dPuO\0\0z[.\0u\0\0ӍJlX\0#\0:S2g(\0b]hx͇J\0Q5lC\0q񍥖\0\0Yw.+8|{P\0\"L!IW`<7ΞoXW]minm܀]t٦icG_κM\0\0B(vvC#xx}ӹ۰\00;}m&\0U\0\"/m4n|EONd\03r;1Y+\0xo<\0<m!\0\0\0\0\0\0\0\0\0\0\0\0\0\0\0\0\0\0\0\0\0\0\0\0\0\0\0\0\0\0\0\0\0\0\0\0\0,\0\0\0\0\0?\0\0\0\0\0\0\0\0\0\0\0\0\0\0\0\0\0\0\0\0\0\0\0\0\0\0\0\0\0\0\0\0\0\0\0\0\0%P\0\0\0\0\03\0\0\0\0\0\0\00!\"1@ #ABQ%&23\0\0\0vF?>D-e||T-P2.Uҽ9A2Tug[F6e9wu>3v4V)=Ed5W5N\0~]!=mlA\Z/B5Uu/ G7xiǍ|3ԫa|!Xw>@F\0ue\0r6h3͈Feo}li:K+v oyFJMگv)*e^^Y]UH_\rD\09OZODѨAͩtQپIޢ%o,RhQQ?#9e0줣_$<*2GxDbh!be KlDX=\0=doilqpc;/x;)ɬ{*%tT!ނހ]Z|If\nkjA-O_͕n/iŻ۞}zCAY~?~v9Gd3Z*4؇})Զ{.6Y-+![\"ư\'r	gd%^mտ=\05+p4\"=W~MpF#YPZR]8vV;AIUPR0Qfy덲2UOcL*鄌ywL2k`\0?B3!%m$\r^ڪ=P\"H7lu>Hrf=ޭ)ԬV<iF-jwf\\^ݸ%I$E̯iV_:=\rq9U:S?T\n(9^ėBOe\0Zk9Q~8$1[Sm2	SƟzL\rib}DRi_dGy*xვ5e*a-$XY=h>RQ\ntcYMEf\Zlks=F+AisQm+KzOUd29h-%֎W\nbxE5FL/	rk\ZcjyX\ZRyտ_fFȄtq2VJgʴXs^2rd\'mq;\0|`VflQ*2),dg_7O>Xɯw?>\r4:C06/OcSKg*W#\Z$NU:Tx#8xHu|>EY.ƾΌǶ\0ԡG7WwX\"Ozz^ek)%zO#\Z!8i/ZVjk\nkѕ?վa~_:*DTdq8#H Hʨ&27\"J;~pA#,KUW{S*T\0^o2lL\0ccؽR;]6wv;u:={	yPߴE\ZxB\"/ZoVqF	5XkozZWyj쵃McykSIgLU$ы;#~OC<e;\\\0gA):drBC,O+Yq\0\Z$\r|o)(_ث+//!KOd[\'VBd,y)\Z+Z,reMAdZDP\ZR Ջs\'QCEqdysb*|>!2e_ffq^>2\0wWy__\Z-!lXƹ\"r>(ºDƐ~N߆HD\\zۣ;U8{#.2:9ƻ[nq>\0<CxT]>qy<sIPnI\\-˝c^\"?̊%U^ȏkӻ\\%1^9qxVw\Zbws\ZV@/<R{\"bJ5Bbwy\'jE@<[\ZMSlG.Qhg\nrYt,^MkǿiN/\";o=K|bxg2	K+&\n禮G2[#:BHC~3\\Y	mfLr,}ˮ(}$MN$&hxHE\0A\0\0	\0\0\0\0\0!1AQa\"20@Bbq #RCr3Dcs$4\0\0\r?\0RrƇ٭_9Nk.+&A$\0\Z5^\'\r8.I]\\8`HIfdTwzY<Il+U>Bm1E,\"aaAP{Z:6_Qn,<S\'pꞪp)^iNI=+t\\l`iZ+Wsvp#hRN?I|HDL\0gp֧񜴳.5qbi$sQrM8}$ߟ<,;뼞yQ+g?awj\"4?s%%	uC\'7uvg³Iϛ\'\0EONI	~7@DG\nucZ^C=ĪvE9(<¥\"H1u/HcRGˉe۹zhKTmAߣndAy;`JD#\rپu# QRb`pc~<Z$Wlw@vEs8ol7o_a\0i{hp7*81#Vϔ2.^	?K1Z6S<Uh*NB;sh˾E\\D\"Z7\Zá,XͤVLcUW( 4%SVQ,e=|N?HHslG\ZC:gYO \n&A4\\_ڣؐ78Ֆ+Ѻqbo佈QN3\nqdҞbeM38if\\wKC@Bt7>Z(\"9\0-Y{IR3Yi츅Oii4~zI\Z%UA03RFю۫;<2A+B\r\nI.?ʸfug8{w<q^L6%4K#DE,\0\nRQɗoy;Rs-\'{NA=\n\nU]\nӱt{IpLALvܑ\0T(Ij\0!,xTr#nPvmd2}wVh﷛?j,>(lxStsJH\0.q~MQ׭gI:#V84ljZ<S^a&q\nBb#AűwE۾~wvd}E`kE2q7vs}XXAd1mb>#P$ZIyF3µCd`ħҙ- G&\0oEr>;S۴VK=lXncYP8h .E{ިNs?0xN$]Χe.f#pYGՕv=cU7 \rd@Hpq:YkPp-.䜙w>?c 2zF	t5\n\0Gw[YH>ung,#L%T&=IO)w=9Knu`VZdr?\ZYِ5\'clN>9TڤжZyy{k>(1#SCx*[5`SM܉>k Vԍ=0_iye,:XCrHhĤ\Z0vna$AsEDʧSO!{qGx\n})y緰{ҵ\'==W$\Z 1םQ7fu!XxR-Z(*+yv(ζ]m~I:,g=#te\0h]oE>4ea!8&\0w[N S\"=EM/Li2vC12Oq<Iesř-y3Ԇ8ǵ\n1!ur9Kr{R?ey#mMâ(q\\ZY돋^ItHcj\'#EDY\ZžnKi(]\0pthr	s~.t1YBNZJV˛{D\'iw=U<Nju=%H\rFF߮ڌ>sfxZ}ṽAz_n0U:[̞	oFDt ,S9\Z\'s]eZ?_J\0{hP<RV8;k1-ލ3A/	bqTdKT_m\0V2!}PIVQLLKT$Kgg~?m$ц`i%eĶS]/}#9Epy9`T@4 j\0\'8#X{@\0\0\0\0\0\0\0\0\0\0\0\0\0\0\0`!\0?\0I0\0\0\0\0\0\0\0\0\0\0\0\0\0\0\0!APp\0?\0Ċ','cloud_flight_s.php',1),(8,'RAZER KRAKEN TOURNAMENT EDITION','Audio espacial THX','Altavoces de 50 mm','Conexión USB',1500,'\0JFIF\0\0\0\0\0\0\0Compressed by jpeg-recompress\0\0					\"\"*%%*424DD\\					\"\"*%%*424DD\\\0\0,\"\0\0\0\0\0\0\0\0\0\0\0\0\0\0\0	\0\0\0\0\0\0y:ɓS!\0\0\0*ｯ[\"$\0\0\0,pv<cͮe@\0\0u\rx5WV[?͠\0\0Dn4ɉ~n7\\|\0/m_Er:9nW\0\0!A*CQ\'!\0\0Q;N.uejw\\\0\0COZJΤU\rfm$@\0q+ڰ67<d\ZR8K\0\0SSYJyjl(\0)mxcjuʍz߲=6V.p\0cgNs`EOz.Et0\0Cwa\Z\ZgIqþI;|\0\0 (w}ʳٜ\0\0,,rnś\\˻*O?\0\0np\0\0.=>yC5er;f\0\0FyϠ\0\0\0\0\0\0\0\0\0\0\0\0\0\0\0\0\0\0\0\0\0,΀\0ҵnZNDaYsitS \r:kfV\\u\'>`gϭ3NP	ڙ[\0/0\0\0\0\0\0\0\0\0\0\0\0\0\0\0\0\0\0\0\0su@\0<}Eu#Ͷ1\0\'˶q(0l3<lȾȍl\0K(\09\0/\0\0\0\0\0\0\0\0@! &4\"#0AQ\0\0\0rC{7iU8\'.Cլ7w\n[,l5,s:H\\_dߦ<BuuI;zulrG1ZdUӘumh%vˍ%z\0v^P^{ۿ8΋+cve&05YYɍ\0$ͲNlB4wxIxũ^G\"՛nC)xG\'f_p_qSS.`k*G\"]3ظ\\}()aY!Q>~r|| 8CJ%3AO]ωܥ\0EjX:*!0hYe.$\nll\0]&Ci>YG[+S>s6/^qdUS	@\"831)l&͙BR6F%viG&5J)#TH&Q,A4{h=Q8oel૯&\"Zn^(<Rz%nX#*&$s`\n&V=3_8	IS\0<z%1aY0Ǵm˺4JlӎYlyhY5IVdz\rņ\Zɖg:VJ VZE߾qB`p#U>9։jXb\r:d?Fܿ8*QXkh;u˝y/r*1Ǫ$]Xh*f@IQ%^~DEÂw#y։k|%33|=rb=1s	5*ditdE=r)4Z0NN\0S*r4W]Jc3#JA?=Ҭ )yC֋m9hVRMG\"9yezz`\0aiYaRecS\nӟdݲH{ffLXDTKC\'4fdW59$&0.~ix۽66Hȹr*}|mBdXբZEnVpT+`A0UQ̳hh&r\ZO]{mmr$jE$c]8A]e46\ZiC-ຝ2rg<.GC]I &.AQtLR_VQ$(DP{(&08v\r]q)4\nd\"ս_wK,홎c>DiWW!ҥ!Z_		%WLb%9b>Qە݊g۔\0D:p+ȁ4:4EJ=oto\"aО.>vY8	|fmnL3DUS%׉@\0nuNf9Ԉ\\,\"w\';A$zBqfЏ;Ku;>i\Z94G%czO_-sȘuL\0RʕD:fPn& (l_3\\\0/!9	Քɷotl-_V%!T=W%_J<SI$.(<6{W[,ϓJRRZr	ɷ7Y8j=bkUX[db*qM$Ȓ^T^O̵YVE/2Mhfu_+;H(DޫZj⚈ \rRM$IEO\0\0H\0	\0\0\0\0!1AQ\"a2@q BS#RV3DTb$%Ccrs\0\0	?\0+ZCz2灔:K=h2	ݨr-\Z$5r\rgMWm58dqʰ]ΝbvFZ\rk{/;>ѫWVT\r6t;Ⱦ1*:Gݪ{\nu~G\nfgf?ΑK9R\"dr?^hE2]+KӌVh%#d&=-K񸫕/QuYZA%b\'wSGjMS$B=Ŧ}vIeSyf;RHrr|6a0iz4=J.۴jb1cg˺L.Gqx`4@.ؔ7nlx\'Amy7y`HxY!3!Nhks-p3(̣L<^qAH/M\'N\0pQIZ\0wuv27,!q{n(oZEkA^W̮S5߻*f[mN/SV:~*zhb!-}j \'n?rPE}㋳n1 \"&nr@tldԊˈnЎp)?&Ȯ5Exnȡr9F\0tSRԞbӘ\"!$Ka4R\0&i-5ySjJ0O韴\0ZRi7k=\\	.,HF ]<\n[}NMÓҒ.H{-Tb\"HAl4W[M\0DP+smVS/Y9{[;cRu\nQO{؂(\nnZL\0o;icoG5񏋡S\n\n.NةW5Kp߮>T!u\rn@\0]M4W\"a&9;VvSt;\0@dzerȭ#~KY&׷VԺ@\nl8fR|AkϞv]5VM,{wH `\n9m/\0Q+W&=/\"^eNӤD2:I\"^{=B4!*٦H9;Ghְ\ZEWܠCIb-G(^*G(C`ȀxW\n\"	#:f22_BG]=%-!RI^HwpCgze\r_Oe%dN+P5\"_`0\'>Qݚ!S^lt$$=>I?L(`c§GXf+RH;!i_èhZգ罴If}\0ܢ\0i%T|#E/#m\Z-6<ł\\P)07l/pUdͰzr,rI̍#aPuU\0Hr8rQH;܏#nUTI52Q-wOmGOvvFW܄`*j\0!5vc+0TʭDZ{&KKyu&&KY\\})mJ8\\##r\\W2E>e m4wnǂA\n1-@,Py!hg81[FfK(lR,hzϭ2XXgvcP\'\0Nf֮KRaaAYںE8O(Vp6(ǲr (arriI%Qiw3 SSvc:oƞntOih`?H	;&Jӎ\0%x7%Gw+Qޗ`\Z*;=Ra)4P٪( FyonTcN[[CtqFz\naGez.ag8O,~j\r\rO(rZKyt^>L+w=Vnk9Y!~0nVU;C4:<XVimg4\Z*\0fc2$0jegi!bhة#O&k1xI$\rވzc<8by\"aGXՉ\00\'\rtwҠؐftLWxQ9E\\9Uf`d#x=\0wTA촊1 61F8d>|>Ągmj\"c4,M8\n8\0O\0xv>})eNTɠV[\r	,@?s=38@|OBF96.d2BNV8řff9f,rI4Nsd*m/8_G/<CqQuƟXb(wD,@~+~M\rAb(d1ʱ$<+d,%A|{\'65LqjgDoOZqFFYYN#ox}:[[ώE8z\ZGx2鷤a/-	𷓯ZbHe#\"\0c*&ȣ-\n3DQ<q/^¶t~lgSyRQ,c6tѽmYͫ\"	q]~Ӻ+Һō\0Im.KEqk7զ%5Kge>d\0GR2\0A}o4-jT!F@\'#ʬ^@k[YUq\0\0\0|-x65+S0i.$vVof_6í !j׳=\'Cjs8;B!Ln:\'HsQE-.,J,$pK0W\"+ʢTwjG2ƒE0hf[XܞI\n\0(\0\07\0PFʆYOsE%iږp%tohi\\C$Ly>TqLR][RXYd#\Z*_\\h Oz\0]CYԳ{.z*R5UQӡslz`i2V}\"qQXVb !ݸo{Vү,gtN[s2Ws]3wiZ{Hu;ufk%\n\"	\Z(TQUy20؁p\0$\0\0\0\0\0\0\0\0\0!021A\"aBQ\0?\0&7JFEojoM.$\0\'cZ0\n~]j\r(@1p~S㎪]j\r5j<ORUNH\Z2-O^.R7zS%MM<\\\nR &T|E7Hz\nJkS㸓\';?\0#\0\0\0\0\0\0\0\0\0\0!01Q2Aa #@\0?\0&.b~ruaYQ\r$fyp2\rBDciL;ֲj(7giL9,\03\nI1b\r*\\,nٌ\'D%:~ePދ@p\n_EZ.\\̣ܨT','kraken_tournament.php',1),(9,'CORSAIR HS70','Conexión USB, Bluetooth o cable de 3,5 mm','Micrófono desmontable con cancelación de ruido','Audio envolvente 360°',2000,'\0JFIF\0\0\0\0\0\0\0Compressed by jpeg-recompress\0\0					\"\"*%%*424DD\\					\"\"*%%*424DD\\\0\0,\"\0\0\0\0\0\0\0\0\0\0\0\0\0\0	\0\0\0\0\0@C>q\\U~\0\0<3]:YP\0\0#SGY9WҊ\0\0)Oь\\qP\0\0#׸\'%d\0\0\0r_9d}0lf\0\0\nG*k\rG\\nW\0\0\0R4fgoj\0\0\01by~\0\0\0)8(6\0\0Rи#\'mq;f\0\0R>\0jgEH\0\0)sߙ;~v͒/~_\0\0ICf]M.ހ\0\0Rq:G;gTov\0\0\nLW\0&üyRj\0\0)~l?	g~\0\0?8_.ɻ&73T\0\0G;ͷup\0?\0\0\0\0\0\0\0\0\0\0\0\0\0\0\0\0\0\0\0\0\0\0\0\0\0\0\0\0\0\0\0\0\0\0\0\0\0\0\0\0\0\0\0\0\0\0\0\0\0\0\0\0\0\0\0\0\0\0\0\0\0\0\0\0\0\0\0\0\0\0\0\0\0\0\0\0\0\0\0\0\0\0\0\0\0\0%\0?\0&\0\0\0\0\0\0\0\0\0@0!\0\0\0\0Oyo>-ż\"u^z=l-izEs6;=^7{.t.??yW\0ö}&1)[ɌSA*(~Z묇裧\"37nrn\\{Dr]\Zi@\0LCǦ\Z3J:JFTj+Ҏe=q>J[lw\'\0 ^7\"b8C\Z\0ŝO8}eQ*5XS۔TbύjYz\n6DNvXm}0׈4mD	?\r}YD0hkcnQ牿J0D,\'׈`|ݮ?\'}nNyJ\\p?ö4b#QQQZ!i2#$|4Wak:\0(\"SpBvy02n<Ő\Z̡-0@`SH3u,fOᴛq+llkԺ}OUihhV7voe*eP\0f-Վ%Qr^,<m;=hf޸P11$^iXzqh۫힀!Dn_\'M	W4Dƣe]6X-*3f\"PNVBԋKI	\ZFԀ%s+Cm#^vc1v+L3п+5;Idlh\0L$z˯W+r!%[kccwS@{{iʣfmQ!K᳴ݔb>O]V=Q`8&FΗtL_uW>M)$cc(^ЍL	&(TdΛlY#3?)XROin{UkV89_=V!XXUb%̮`l~nzUȉc~?ܷ=\0\nBZҺ!hp)+tuozCWb@2H=<kVbu/aaU+ґqZ$-IS$}Oo}x6]gO!.;~Ve{yѾKZNB&V&w.4\nn(8ᅾDΚǱrkv%z4i{Is{A?If~VR`舉]IMPmWC܌cܺ.a$Y^h4~sTJY]i|*u,d?>~}!Cw\0B\0	\0\0\0\0\0!1AQ2\"@abq#3RrBc0P CDSs\0\0	?\00\0<UYb^,O\0_|v3&0ƿ8;EmjwxNt*ٿ\\W͝j:;x#Z̕Ľd\"H\02rt\"90-T;TGS|B@$^`pI2q2\ZzDoUF\'%M&(c\0TK5uQje2P}[\\\'؋Qrk互h^K>D0h*mIlMADjOz\nTԣ\\q49c4)	<՟i.\\3V^pFXcfciȾJ6bC}ԪG4\\aBwB/l\"~OGO0^d	ձȕ\0gk)oC\06\'0kN<|3\ZJ;%X|\0e?41]D8ҏ\r4SԞPu/`LoڌR;jm$MeN%,$%A\0@qCݣ֕$+]0B$eaU&\'9uPc>%8XYhMdТWC}8r$-\Z#*\0܏Y~.Xҏ&\ZxYDQrIƗQN+;3.(%5M2*jSlv/ROTzv<MOIPY+)zV.\Z3re, bu3e+D5\r!U.̲IE1cHuW\n1QE4T5H$Ow_mI*()<C&I\0\rg=UK×vwNr3KEM[\r1P1ӽu[HI!GͱAلWQ9Ig3jQD#y(ƬαC$ PH[ʪTx_b%P/\0IBI5h_hgJ~\rNH\'*x_\r9Ǽ{[i=*\'\"(њ/kN]΍i(gWPQ/AatE2;b@\Z\\oǐN%jA\0\nՁl*+cT>\08!\Z*6 v\\M1,.I<7C\Z\r!CqṀ\'eXV:MglxY@|&`WBA4y\'i{=坜`,mKILALY}&cA0KBYe8P}af.|E+̇\rS!QKIn8uǣ~	=oBOهye\"$3Ͱ%,c2Xro#1>Rb*+*3JJ\r4O47D6bJɦ]t/9sd4/e\"GMs˩\ZޗLa)\Z\0c05O:a#\01#h)AZT1&C-G-DIkrݽ!]\\qolOq,|5GO0.$@ĭDlZ)ٕV#SSQH/+\r,QM`ɂ\nIqCwgq\nXaZ\ZBi~=.HF}uBL*eAG\'Y҉d\n~嵾~G8ASx}!ƫTa\0BLR	c%`JHDN9xp`XѳrcF\r]2[so~m_NʄJ(͎6Pxncqȏqcs\'ĊWW+<6.`ajAY7f3	$QਃHJ5`e;7VCS.Ze ;䷂\\2GqxcmG<Iy2$ਬ#ob-6PW\0h~U%(`~/N*9Qv؂-mIɀtlx=P6]7wI\n\Z|<-?nt,7^pq\ZɿJ>eN&^.$rG$k\Z!GQAQVuPSn\'dnɻVCiR%mJzہM_H^<CW_Q!)ٶh]Nr4Rz7G5HB(`\0\0IUqGfUrEYKE8\ZQ+#3J%`J	\nnH\\;=]5Lz.c_ѬN	6Ǖ=qyh$D8PyFb_XXs7tU- &2x|A\0e4tAB\0=\0{_\0	8%sGHT>Wse;x1drI!#5ŏC6\"6MGWuR>mMc6Ang\\\'\'py\'py\'py\'py\n}\0\0\0\0\0\0\0\0\0\0\0\0\0\0\0\0p\0?\0>\0\0\0\0\0\0\0\0\0\0\0\0\0\0\0\0p\0?\0>','hs70.php',1),(30,'oij','155','12355','12355',1100,'\0JFIF\0\0\0\0\0\0\0Compressed by jpeg-recompress\0\0					\"\"*%%*424DD\\					\"\"*%%*424DD\\\0\0,\"\0\0\0\0\0\0\0\0\0\0\0\0\0\0\0	\0\0\0\0\0\0y%\0\0\0xE(>sǿ6N\0\0\0Ԗ~mEҲt?\0\0`cd$ʷN:q뙠\0\0:2C`>45{8̀\0dPuO\0\0z[.\0u\0\0ӍJlX\0#\0:S2g(\0b]hx͇J\0Q5lC\0q񍥖\0\0Yw.+8|{P\0\"L!IW`<7ΞoXW]minm܀]t٦icG_κM\0\0B(vvC#xx}ӹ۰\00;}m&\0U\0\"/m4n|EONd\03r;1Y+\0xo<\0<m!\0\0\0\0\0\0\0\0\0\0\0\0\0\0\0\0\0\0\0\0\0\0\0\0\0\0\0\0\0\0\0\0\0\0\0\0\0,\0\0\0\0\0?\0\0\0\0\0\0\0\0\0\0\0\0\0\0\0\0\0\0\0\0\0\0\0\0\0\0\0\0\0\0\0\0\0\0\0\0\0%P\0\0\0\0\03\0\0\0\0\0\0\00!\"1@ #ABQ%&23\0\0\0vF?>D-e||T-P2.Uҽ9A2Tug[F6e9wu>3v4V)=Ed5W5N\0~]!=mlA\Z/B5Uu/ G7xiǍ|3ԫa|!Xw>@F\0ue\0r6h3͈Feo}li:K+v oyFJMگv)*e^^Y]UH_\rD\09OZODѨAͩtQپIޢ%o,RhQQ?#9e0줣_$<*2GxDbh!be KlDX=\0=doilqpc;/x;)ɬ{*%tT!ނހ]Z|If\nkjA-O_͕n/iŻ۞}zCAY~?~v9Gd3Z*4؇})Զ{.6Y-+![\"ư\'r	gd%^mտ=\05+p4\"=W~MpF#YPZR]8vV;AIUPR0Qfy덲2UOcL*鄌ywL2k`\0?B3!%m$\r^ڪ=P\"H7lu>Hrf=ޭ)ԬV<iF-jwf\\^ݸ%I$E̯iV_:=\rq9U:S?T\n(9^ėBOe\0Zk9Q~8$1[Sm2	SƟzL\rib}DRi_dGy*xვ5e*a-$XY=h>RQ\ntcYMEf\Zlks=F+AisQm+KzOUd29h-%֎W\nbxE5FL/	rk\ZcjyX\ZRyտ_fFȄtq2VJgʴXs^2rd\'mq;\0|`VflQ*2),dg_7O>Xɯw?>\r4:C06/OcSKg*W#\Z$NU:Tx#8xHu|>EY.ƾΌǶ\0ԡG7WwX\"Ozz^ek)%zO#\Z!8i/ZVjk\nkѕ?վa~_:*DTdq8#H Hʨ&27\"J;~pA#,KUW{S*T\0^o2lL\0ccؽR;]6wv;u:={	yPߴE\ZxB\"/ZoVqF	5XkozZWyj쵃McykSIgLU$ы;#~OC<e;\\\0gA):drBC,O+Yq\0\Z$\r|o)(_ث+//!KOd[\'VBd,y)\Z+Z,reMAdZDP\ZR Ջs\'QCEqdysb*|>!2e_ffq^>2\0wWy__\Z-!lXƹ\"r>(ºDƐ~N߆HD\\zۣ;U8{#.2:9ƻ[nq>\0<CxT]>qy<sIPnI\\-˝c^\"?̊%U^ȏkӻ\\%1^9qxVw\Zbws\ZV@/<R{\"bJ5Bbwy\'jE@<[\ZMSlG.Qhg\nrYt,^MkǿiN/\";o=K|bxg2	K+&\n禮G2[#:BHC~3\\Y	mfLr,}ˮ(}$MN$&hxHE\0A\0\0	\0\0\0\0\0!1AQa\"20@Bbq #RCr3Dcs$4\0\0\r?\0RrƇ٭_9Nk.+&A$\0\Z5^\'\r8.I]\\8`HIfdTwzY<Il+U>Bm1E,\"aaAP{Z:6_Qn,<S\'pꞪp)^iNI=+t\\l`iZ+Wsvp#hRN?I|HDL\0gp֧񜴳.5qbi$sQrM8}$ߟ<,;뼞yQ+g?awj\"4?s%%	uC\'7uvg³Iϛ\'\0EONI	~7@DG\nucZ^C=ĪvE9(<¥\"H1u/HcRGˉe۹zhKTmAߣndAy;`JD#\rپu# QRb`pc~<Z$Wlw@vEs8ol7o_a\0i{hp7*81#Vϔ2.^	?K1Z6S<Uh*NB;sh˾E\\D\"Z7\Zá,XͤVLcUW( 4%SVQ,e=|N?HHslG\ZC:gYO \n&A4\\_ڣؐ78Ֆ+Ѻqbo佈QN3\nqdҞbeM38if\\wKC@Bt7>Z(\"9\0-Y{IR3Yi츅Oii4~zI\Z%UA03RFю۫;<2A+B\r\nI.?ʸfug8{w<q^L6%4K#DE,\0\nRQɗoy;Rs-\'{NA=\n\nU]\nӱt{IpLALvܑ\0T(Ij\0!,xTr#nPvmd2}wVh﷛?j,>(lxStsJH\0.q~MQ׭gI:#V84ljZ<S^a&q\nBb#AűwE۾~wvd}E`kE2q7vs}XXAd1mb>#P$ZIyF3µCd`ħҙ- G&\0oEr>;S۴VK=lXncYP8h .E{ިNs?0xN$]Χe.f#pYGՕv=cU7 \rd@Hpq:YkPp-.䜙w>?c 2zF	t5\n\0Gw[YH>ung,#L%T&=IO)w=9Knu`VZdr?\ZYِ5\'clN>9TڤжZyy{k>(1#SCx*[5`SM܉>k Vԍ=0_iye,:XCrHhĤ\Z0vna$AsEDʧSO!{qGx\n})y緰{ҵ\'==W$\Z 1םQ7fu!XxR-Z(*+yv(ζ]m~I:,g=#te\0h]oE>4ea!8&\0w[N S\"=EM/Li2vC12Oq<Iesř-y3Ԇ8ǵ\n1!ur9Kr{R?ey#mMâ(q\\ZY돋^ItHcj\'#EDY\ZžnKi(]\0pthr	s~.t1YBNZJV˛{D\'iw=U<Nju=%H\rFF߮ڌ>sfxZ}ṽAz_n0U:[̞	oFDt ,S9\Z\'s]eZ?_J\0{hP<RV8;k1-ލ3A/	bqTdKT_m\0V2!}PIVQLLKT$Kgg~?m$ц`i%eĶS]/}#9Epy9`T@4 j\0\'8#X{@\0\0\0\0\0\0\0\0\0\0\0\0\0\0\0`!\0?\0I0\0\0\0\0\0\0\0\0\0\0\0\0\0\0\0!APp\0?\0Ċ','g300s.php',0),(31,'Hola','Mundo','JAJA','XD',13,'\0JFIF\0\0\0\0\0\0\0Compressed by jpeg-recompress\0\0					\"\"*%%*424DD\\					\"\"*%%*424DD\\\0\0,\"\0\0\0\0\0\0\0\0\0\0\0\0\0\0	\0\0\0\0\0\0	`ؾo}\0\0\0\0\Z8l{ߢu^\0\0\0yCQI7n^ϼH\0\0[2F-\0\0FԒc-[\0\0mﾡyNT\0\0/V-`\0\0`p{GCfWڝN\0\0+,-lEw\0\0d>{d-Z=8\0\0mו-k#J9H\0\05WfqMe\0\0\rkV{9UxnY4t\0\0+~Z(=<7\0\0\0h\\[~ys	P\0\0dZջ><^Ϛ\08lݪxߢ{jh}\0\0HmKŜl\0\0\0J|l\0\0\0\0\0\0\0\0\0\0\0\0\0\0\0\0\0\0w<P\0/q\0z޾p\0r̴֠H(\0\ZP\0&К\02o\00\0\0\0\0\0\0\0\0\0\0\0\0\0\0\0\0<\0_/t\0(?P\0&\0Pb@6\0\0*g`\0;\00\0\0\0\0\0\0\0@! \"2#01%3ABP\0\0\0\0v3]5p\0w{IW$d)űϑHzv\n>ZhLngPnQ[4׊{^\\VVPZGƝb7ҏOp^M-sp䔇}K&)(ևtu;^..brֽ{\rf5i!vuN%Ag^$^p\0pVFՔMB`2V ֝ke;`\\ӷ>9[QJ̿|ܕs1G1(kՕu}(}m~~ʃazЧIiu4[ZNw9:|qG]%T_fWk.wQN\0*7#EXo䨵SS^AaLlh+:iFUnc6	e}[̶]j5GAy9Z̵>ƌ.rHK;85\\dX޻)9&Hzmqt	n\0>AԱZ52@Raxtx,ԯ,c#ZXkwmOW15uP \0ϸ/N:\'\0j#ȓָ砍oh=Ku]>?-[~T_VVX[uHD]	Cz>Ẍ́>mhSr(KI\\5eZG&F9<%<s/Xr7N(+AdW뫞ƣ[څ%Եߟyݼ}̳h-2QDTxi׻;GICVH?CG.Ga`rwt{{{TEq[(f\Z8d\r_\rV7nUboE+TWY~1Q\0\"W\'\\1{$\"*/iqtGh44pyGy6\r=Tj$cUў&ԍ]Pל\\t*\0\\x1++~;׵ZEn4mFzBS&XBx^gz\ZJƾ}xDn3ܾO2-˽ؒuvر4;N[><7+G^m=`V\Zrʒ\"g/kDqg;}G~<^!=	pvV\"t\n-˕UF$Hפ5ѱCī \"U}`tZ\Z8Ïf=A6E\"|kźM%\nE\n\Zh<7ЈX&j]Vc\\%j~!X4yWʪ#W?/V6UD_\\dROao؝;?kfC^2BUV6R*ٟhFEG\"/iczJD5<5\0O(D0n9(E:Z]U5G:9_t,ƕ$!	Ӑs_%t*Q9\"ybDNP|`wW}1eK/TuӢE\"6\"1uuv=j{O]M(-Tȋ<׆7%T/\0\"t}N~7x2O_k$!;?;URx/孵4=-֬<B]TzWlQ<Z	5PO׶\"uRïsɚ\"XroEֺ21K0>8bF{8EN_SXEH\0(W[rs6sf{V#nVp\nMQYTf!ß2mƛG;%Z\\(Yg7ySWǾf5L-RG6_\Z~x__/n\\5FI(bf\\\0D.:r^_\'rN*ޮU|uㇸݾ\0F\0\0\0\0\0\0!1Q2Aaq\"@R #3B0bcr$CDPs\0\0\r?\0l]in(\'d(&\\%(>2t}1\0-О\\EݎԞh=ǾWfC+Fݫ,\"3RR@mnPO>פYنH?/kULglvG	x&*]\\K	odO;kVt#Ҍ}ho,dtoLs>מ<GC/y_jeapxa7ZS񐧴T\ZmO?L\Z+\"1tٖex\nK4xC)A8$yH5n8:SV5h\nEeh\\t2\\8I$5g~ݗ\\E~x\"DP\0U\Z\0\0\Zȇ5\rV7̐ҭw+SׂO!S(Lv=YUzx}ni/[~pm%cʾ![t!8HޠɒAUz*{g=10MC\\0̮Oif	!~\"n*¤ctL;G$J\'g%#UF\"/,(X%\rͣ0\Zoj+KY6m}k	km	a+\0ҟFiKcO`9;gI6ҞE\ZnGF\Z9>1.Ph5p?Re!rIȜlpBX*\0msđfa+AzԨ޹>[^g([g(7\'|Z^nBK3&-C\\vc+`񫍛L}e\0	4K˕f̻%k, pkgEmo1ĻHE~0nxGd XmkqL??CȽ9DRɵk_V\0MYl_^<7G1tjr!xuJ5)b`!?6{e\r2Zn`a3³jxO/UP\0-\nr*r]J`CnkQoVOQsڇ[u\'i<@՘($$UَD^[kiím;2oªP6Z:`[Gc[H~}bf]l1L1*iۋH\Z(-iqm?IVV˖<YƿiZ\re-jfjM#Ncwx89SLs8<kcl˙ne<  ՖђkNY|QHTH?<\Zm3[}ȕPFYryf.Ίp͟v?m8&	I`w~JT:;A*uқ#xɯD&/4\rJxҒaLn]`A$W	qzDcK#\0n$ͺ(8%R(UU\0\r\0Dwj J\\1[@ѓ@?Ⱥ C|8\n\0Ttxv}\Zάk	V#X\"aվ)?_#Gx4ztHShLg2{\rrQRG6\'G<iLSj8FF\0Fb,m_\0A{U&qQFݴ\n2I4òKu73$>qq`6Q<tI᧿!ݎ4fcQ;\"ewS$V	&#Ц7o6>iq%RHث wj f(l8ܼlPPݠ\rn܄.eh[\'n)e:S9{Q<ؖFy0ɩ*2iYRJXk4ojGYG\Z˟8o<67E2fb\0+=^dw;\rA(6Vl.ޕjfY=(?\rJɭ^EkE^Db6#qޱԲ-PFjVG)ja<,$	絎5?7άI7\n(ek77}l3$v+ř\'%][Uϸ@>;_5ɮ\0kK~1ZN6,H>\0>)k\0;Jy?AZ_\0\0*\0\0\0\0\0\0\0\0\0\0\0!10AQa \"#2@\0?\0hA hqnJ,m8VBCNU,<]]K3r\Z2,7&H\\(N\0j_x_ANXԳk@$ou;sЅ1ǩV8;yEmia6\0 rN׈5)xא(+Tz\'\\k[)^m\Z\'/5\nN^o\0,\0\0\0\0\0\0\0\0\0\01@ !Q\"0AB3Ra\0?\085qوt{2=a|ȹ:{ԓh\0.UIEt;0Msv޽EZww(ڢen4q\Z`XpwJw\0:ŰgH%ܩ{WVd`E,I<w]OCL}44>A:<;NThTq','g300s.php',0);
/*!40000 ALTER TABLE `headsets` ENABLE KEYS */;
UNLOCK TABLES;

--
-- Table structure for table `lightstick`
--

DROP TABLE IF EXISTS `lightstick`;
/*!40101 SET @saved_cs_client     = @@character_set_client */;
/*!40101 SET character_set_client = utf8 */;
CREATE TABLE `lightstick` (
  `id` int(11) NOT NULL AUTO_INCREMENT,
  `titulo` varchar(255) NOT NULL,
  `feature1` varchar(255) NOT NULL,
  `feature2` varchar(255) NOT NULL,
  `feature3` varchar(255) NOT NULL,
  `price` int(11) NOT NULL,
  `image` longblob NOT NULL,
  `href` varchar(255) NOT NULL,
  `active` tinyint(4) NOT NULL,
  PRIMARY KEY (`id`)
) ENGINE=InnoDB AUTO_INCREMENT=7 DEFAULT CHARSET=utf8mb4;
/*!40101 SET character_set_client = @saved_cs_client */;

--
-- Dumping data for table `lightstick`
--

LOCK TABLES `lightstick` WRITE;
/*!40000 ALTER TABLE `lightstick` DISABLE KEYS */;
INSERT INTO `lightstick` VALUES (2,'DREAMCATCHER LIGHTSTICK','Batería de 2000 mAh','Capacidad para alargar su tamaño','Iluminación RGB',700,'\0JFIF\0\0\0\0\0\0\0Compressed by jpeg-recompress\0\0					\"\"*%%*424DD\\					\"\"*%%*424DD\\\0\0,\"\0\0\0\0\0\0\0\0\0\0\0\0\0\0\0	\0\0\0\0\0\0\0\0\0\0\0~<G0\0\0\0\0G#{\0\0\0~v$ \0\0\0)\0b\0\0\0<&ܪ_\0\0\0\nI\'\Z\0\0\0k%l\0\0\0,\0\0\0\0s_t\0\0\0\0D1Ji0\0\0\0+s \0\0\07\ZV\0\0\0|Z4\0\0\0\0D\0\0\0śs\0\0\06=\0\0\0\0\0\0\0\0\0\0\0\0\0\0\0\0\0\0\0\0\0\0\0\0\0\0\0\0\0\0D\0(\05\0_/Ր\0\0\0\0h\0\0\0\0\0?\0\Z\0\0\0\0\0\0\0\0\0\0\0\0\0\0\0\0\0\0L\0\0NU\0@\0g& \0&ʀ\0&q\0\0*\0\0*\0\0_@\0\0\0\09\0\0\0\0\0\0\0!12AP\"BaQbr7ERSU`q\0\0?\0y0k\"6c!9:%<J n[Xn+&Rm:\"u^C=P\\I\n$[| ܦ\\ƌ}-+#TMc)ܧy#}$*$z:Un1b.\'W6l^)a+ BܺW\r,b6B	bC\'|Pu^mC&vR˯D9+m9ˊ4qLEBA0,&=S_0䈉x%\nUU4qH`%JuǞp[Ψz⣬9.΄hlt|y)CZz՗R>CЦ sJVm``\nL7t}{<\0\0Jz/}2Ag-DrDKUG&e	jS=bG{;=ƻ?]KɈ,O-W\r}AZڲSO.%,vM+)J>z#Nqe3uC}вUX\0tZ,s.[	~\'ǛC-w3+ G[5I2l0&_}Kr?M<y-.GR__Zη1ۡy\02J[VIAßy:\rǳ?%ɲ)UvʬVg(>UV3~\Z[\0RdW\\OA:%-Zڲc@W&>Ǌ:Yl![t-d%\0@Cg+U46U,wn,d{zOG>[]c 8|>_IR\0y {1&Y.UO\rLe5!X{\0;x[[q-i1]̺;Yў\")$mԯ[\\\0ܖ	z腫	 ѭVc5:S-A_oD)s6pbWJw( @ï:o.i~kIJG$𛒀69+=6?VLKяJGU\0A?=vu\ZT1V)(@x|&<,NB11R8=F:ZJ1mL\0JR9On?{:,Nc,[`M!Ⲱ-N>ʵZɦ0Gu^  :_	{/ӯXlbC)UJD }v}}+|qƮ%uqG p_nA	ۼ짡#\0Zer:eŅr<\0P$Pud-o~<FVM0OOOn@(ۼ}z,NT:K<{ĥ.|I+Zefg2=5gWv<>lXɃ1ߋ!N$)6⤨0A}岽U\\[Le&1mMi>mVd3\\<pP\Z;t)A\0(\0O\0\0\'\0\0\0\0\0\0\0\0\0\0\0@!1ABQq\"02R\0?\0f;)\Z(5\ZhR3LX>1u:H74ƑIMN6-ce_1\nQ\0\0\rN8e];\Zm<|EDidD1AƩ=/\0*\0\0\0\0\0\0\0\0\0\0\0!@A12#Qa0q\0?\06>\"@\r\"/!ʗ/#h&ylRbplAұ,\0ѽԂ?aI: >YlSa}=<h*eU>[u\"(j:\\&\rX_-5ΐIf7$GQ*Uo\'d;;%X*+roG]۶\0;6v%eP=@','lightdreamcatcher.php',1),(3,'TWICE LIGHTSTICK','4 modos de iluminación','Conexión Bluetooth','Contiene 1 photocard',1000,'\0JFIF\0\0\0\0\0\0\0Compressed by jpeg-recompress\0\0					\"\"*%%*424DD\\					\"\"*%%*424DD\\\0\0,\"\0\0\0\0\0\0\0\0\0\0\0\0\0\0\0	\0\0\0\0\0\0d3y\0\\5\\E{?[U@!	gWe\\yO>.0wR_ؾҠ}G.\0`,m$sI:|M:z+\0@\rzZ4JEʔI\0ǣ|\n|h]6ͮ1u9\'}c\0ֱTOwi\"@m=@Xz`I{8ALF\0G\0\rg	ɻ}v\0#k:\0w \ZŦE=ݓ匑0:>\0V[waxٯ-GP+}R\0m뢚(Ijϲ7=+=S\0:.;m1&7,۬uJ_\ZEuv:2G%ea4TyިjWHm̳i_)M\"dogzbt\\]]8Lk\\_<UMR~Ip[fo3}2\0S]|ulUŭ\\oA\0\0\0\0\0\0\0\0\0\0\0\0\0\0\0\0\0\0\0\0\0wF\0x\0ɮ\0k\0\0\0\0\0\0\0\0	\0\0\0\Z\0\0\0\0\0\0\0\0\0\0\0\0\0\0\0\0\0\0\0X\0Rh\0U4\0\\\0f\'E\0\0\0\0\0\0\0\0\0\0\0N\0\0\0\0\01!AQ\"025aqs 4BRSrt%3dv#&@Cbce\0\0?\0\0&c1[.<ԎO	\075LYns8-9<ZRS5*\\wQ!\08w!z=tۨq%H=Ԇ`iږk.;7܂ix90ޜ\0-SZ]4}G5G\"Sa\'JZl[-r]O5i\0}U{\"RmDϭY5n.-,ۥCuqsl􌘉1Ky0nur̶\0M@@B\0)+A	IͼmYJA:tI5L\\~q[|P(A>qx(/\Z_WRZf򏮷򏮊ҳJZfrܸ-.)4ˌBU.R[a\n\'=\'9k6u}`2!~\Z=\038:\\d/pF2Rr(p2A\'=bFv;C\\+aiTefK_zj[E$\"Bz	m	**ޮ^0\0oH@i/0d>z8\'&Zү35}\n=)A\r쭢^uv`ZkZbad#?E5,r5%ݫ[孲\"yβD\n]_5쭒户v-sۍ[\0^uRϧtRaC\\-.^<9(<J[\0\ri8D֮0]hz9_E[\\ݟi9R6s[PsӍk\Z97nP~q)3ήN:?DU_hk#uնϤM*RҒM@5u̔		B/܉SNΒ<ƣݙ\"\rI#!D(&gQ>#R]%9-GSi#&enBZr!Ԅ0Bܬ5ozFPiɉra%V^l!!m@;C6;!K-bqǧ\"L7Z~>mW[/qڵZ.\rR\Z3\rb6K\ZN\nεP``cX 57Zuڬkǳ\'ZH׬*%}VFv>	A\0f~}qp\0RFkR;FOf4򎸡rp$qRyZ\0kګ]c&E³1~@c7+\0|P}ioGPMhon!pB)jXYmUjV]^,TuXIWXKqK.}}iKG$&9ed.ΡQa.ki\0\r]9?JFU`%<+RHB}եg	mu-G[٫Lr&5ƥ\\ 	1̂J\0j.i!{Z%F~J)HHlnzl}<IHl B=R;~N+_>vVXs6;V=ty*>\nw\\ wr=SM,#-)V&ˈBP\0&913 `U|B+)a1\nG55tX\"\rcYQ7N85baޡ\r>s?0Aj0ExϬ_GHv.2;N0nTrTÇO1JҮ\\΃6nJfl	(!M\Z_K&\ZP(1+)ԝb\"\'t7#!yգaU<ȱgxs@F[5!p5RB\'CqwzVWLD3s.Bx%=- mm\r4Аp\0s$$G~1$rͭ!CRNٴ5R%Pp\'Yn,c#r	TٚvQ.ʾ\\,PU=rmj#GmGo`[\'Nb嫗tejyݮoHu,#2VBF\ndi-9vnõ>sJ7gUj|v:I!9;;ʥHTWRR#h)XX4d7-ALezdQ~\r#ٟj?qkm\r!\"zϺZyc^8Q.\"Rp2{\rM[(ʉ-@۝<4gKayBQ}aLFj;HiHJR0z6zxgo\nyE./AֺOk[kZ\ZaB\\c\r7.DyJР-\n߶mjg監}Ӓm=X E֖֨szǳYrlD1{C$#m/Q-A]L%n{Oe9}[-$ra(eeD0ɕ2&S;!VM;d0&|\Z?Gm%nU]oq,hX̸\0% Ԛ)ڃ/.K&C[ҜK<K\0#\0q!6h샛og?W0>ZGpTu:7W#[EI[\'orxYG[@۬+6|$gfⳆQ[xTF;Z@#sĨ<Z^7րpɁކ~\'-Z`qt}tz\nZ\'HXG}a΢\Z?Gmzfq\0\r9,ؖ.32q	ua+	PHL(oi	BF\0``Si.S~)JФ-9Jq݄(۝~~\n;_?{ӲIwyEo(ޅ!gBIM;wopV(8;BWآ)͝[&b<Tn}*s*\'\0֐؍-K1@)EsGb%(N\nmjP--pNV(Ԟ*WY/${=l+L\\0o5@Z5V4~16Uͷ1tޮD>SP(.%m(sC ԍ>pr>qYC5q(m!$J@[?!wiX\"?#AHQaH=~Rz\ZԞ+?YgWTINMAR]mFc\0QiSx|o6t}\0zo))<R8k\Z~+?Zgwlt0V\0ZO\\6rNIUgK\\46\n^p8Roo,#h^zvGmzvGjmM{{;1q~\'3)8\n4h֤_S?F;>yoX{*PΪӃ\07\"5^<=$*ue6KaN0V%*?vviͷ7poy){|34?i{N3ur-9hARTT\0{\0|j?pPG{;P3aU,G%9%cEmxBT[IRW{mO\0kz.![&C!ˀx=@u6^6ظ&`\"le4qk\\_>ص%~ٷtK\rRH[~My?-I4#ɥp5X35z4=\0Xu~FkV;N\ra`8[~N*fϬn{J2V\"K-8Zɫ66lu8oG6fȟk\nBVĄBElJ4}HjzV\Z!M1.E\0ص%~4ck\Z=NFާ\\f#\nO\nOI##55n%$A	jSS0S:\0WvT	\'J]{Ps~6PIN\0+p\'9F0iiqKZ_Y}\Z}3eUĶ$d\nHα\0Zԓټ\0Bmwpkmx;IIQOR )̡r[Dvai\\۫J6v$Ydf>U%꒥!$>Nůg;:\rFt+%mpS!o;\"E$`Rxju)Q֗1G9Ot(\"j@ZICۊBs#<*5<UB)W}@S#<4<XG\\}?A>ywlMǛ%L,\0<$3mIK PE4˩%)	JN<vo?cT_a;\Z:\n@a!(wF\Z{aǶ@Q6;	O\"מWYdIeQp:;hx#uGȝ!.#To\\1V/џh蕸iVyEP\\y>xWޓ!,(0\0\nIF0<1#>c]{5wy]4l=Feoj^vZ,ۋ)xORp\0&jtY\"Kiuct+фzmI+l\Z^MaC]1eFVSwiV$d+U	I%k	hZSWjGϟME*KJRqÇf2,Z6F:Yh2\\uKV\0$\0\0\0\0\0\0\0\0\0\0\001@A!\"QR`\0?\0_໪)v>-8e^Ao>ӦiME:h_\0k2+vS`Ȧ	1\Z;AL,7\0,\0\0\0\0\0\0\0\0\0\0!0Q\"1@AqBR`r\0?\0)qcFnu(кH~ZTQKErE<IˇCǷ id꣝骠\n8>kU@`Sqn6ue;SFO0z.U(4tέ$6ȧ29j\\B\ZQ,\"ULS_vzf\ZS.6N#1gbYI?\0','lighttwice.php',1),(4,'MAMAMOO LIGHTSTICK','4 modos de iluminación','7 colores diferentes de iluminación','Contiene pegatina',1200,'\0JFIF\0\0\0\0\0\0\0Compressed by jpeg-recompress\0\0					\"\"*%%*424DD\\					\"\"*%%*424DD\\\0\0,\"\0\0\0\0\0\0\0\0\0\0\0\0\0\0\0\0\0\0\0\0\0\0\0\0\0\0~x\0\0\0w@\0\0\0><.	\0\0\0/To5}\0\0\0ŏȠ\0\0\0-&+3\0\0\0\0%̼\0\0\0F\0\0\0Z>\0\0\0\0\0\0\0\rHbq\0\0\0!.\0\0\0\01Ү\0\0\0dM(\0\0\0(*˫p\0\00	lv6@\0\0җߧUe\0\0\0\0\0\0\0\Z\0\0\0\0\0\0\0\0\0\0\0\0\0\0\0\0\0\0\0.H\0z6}Π\0+\0\0\0\0\0\0\0\0\0\0\0\0\0\0\Z\0\0\0\0\0\0\0\0\0\0\0\0\0\0\0\0\0\0\0K\0^\0\0\0\0\0\0\0\0\0\0\0\0\0\0\0\0\0A\0	\0\0\0\0\0\01!APQa\"$c234@RsCqBSTdr\0\0?\0}mZ:qy#[0R7Lќ\Z\0mCntLsEqAi-jϩ)aYő9Hx׌%mw\rkm7>Gg⪾ƹHm07A8 ]3I̖ҙq1}ެ{!kw:l]KO\0_J:zȦi.%m-!hZH)ROH  CM8$D\0\n]W[IJw\nm	\0SRdVܶB!UUٚM,. h;[v.O22m2cѭby0p@\nM\0?Jrx) _W-9xRp=9!b\n(Y\"*FMV h56AK(J\"08\Z|9b9Y=(}mHWPN]-.+ӌ㑔QeeҚDUȄkG4/X\ZIm9?/\"l\\^\"/ܴ`PrTz+O斈hXÎ$;&3{T6:abO|*~#KK\rؓ<:Thvt=ЉQWrUƴ1,1yiM\rh;O\n4DRGQ|: ?,eҼnv$d?99!m;KOI]fR+XBTF:kKZiEX@+YI$#\"a\ZԬe\Z\rNzXߔbOkZ>\0o樫HؠRXrWhkU@\'D>Vk5\ZɭոMn8Z\r~{0z0uw[}]T\Z*5M=b8G/$-p\rkP4;.Hu[ӵ($歷<FJn\03B¸.i2%ܚJ~N(MyF>x5G\0Ai^oTaF*>^o`F3xH̑P!j0\r%ڟ\0#\0\0\0\0\0\0\0\0\0\0\0!@\"103`q\0?\0%!B{j+LyמijKfNHƎ<St=\Z~F\"đBO\0#\0\0\0\0\0\0\0\0\0\0\0\01@Q!0A`\0?\0, FLeC9&\rWf\Zُİ9Kh(`Ms=&<Y#]0H$','lightmamamoo.php',1),(5,'LOONA LIGHTSTICK','Iluminación RGB','4 modos de iluminación','Conexión Bluetooth',1500,'\0JFIF\0\0\0\0\0\0\0Compressed by jpeg-recompress\0\0					\"\"*%%*424DD\\					\"\"*%%*424DD\\\0\0,\"\0\0\0\0\0\0\0\0\0\0\0\0\0\0\0\0\0\0\0\0\0\0\0\0\0o@\0\0\0>x^%\0\0\0\08hx\0\0\0\0QyFz\0\0\0\0yJ߳\0\0\0\n\0\0\0\0Ml\0\0\0\np\0\0\0\0@\0\0\0\0S@\0\0\0P\0\0\0^\0\0\0\0+\0\0\0j{8\0\0\0\0O\0\0\0\0\nm|\0\0\0\0Q,`\0\0\0\0\0\0?\0\0\0\0\0\0\0\0\0\0\0\0\0\0\0\0\0\0\0\0\0pqk\\\0\0\0\0\0\0\0\0\0\0\0\0\0\0\0\0\0\0\0\0\0\0\0\0\0\0\0\0\0\0\0\0\0\0\0\0\\\0\0mns\0_C\0\0\0p\0\0\0\0\0\0\0\0\0\0\0\0\04\0\0\0\0\0\0\0\0!P13AQb\"a#2qr@CRc\0\0?\0TөyHu`j+[oC@)|[E.ƠBMxt\n2 uSMGUPXQFH9o˴]\"Ti#5Y*4jBL\"뾄ub%EwK4B8{6ꬷ [jЬRXI`\nãDmԍ5mr\r|w*q+QCpu:aDQ\rXT\\+*+Nu%SW\\ec%T,RZi\"}ӫ:H]\r7K fT!ŴaUW*SV81sUTzOD2Je(D{hvŒGCV0YnNch߻q8х(4;nsJ\0@<y-qj?9-wmQOr\\eu,.^n(\ZY8:@馼Ib4~v(|shA_a\'%=ūC_nKΒLZ4&2%_}ے!_Y~\r\"K\0˧#%U6wi\n8+UQJV*4ؐ5䮈@5ƚl?\0(\0\0\0\0\0\0\0\0\0\0\01A!\"@0PQ`a\0?\0	:IQ\"i~m^c?Fȑu\0c)< =J軰\r7\0\'\0	\0\0\0\0\0\0\0\0\0\0q@A!\"01PQ`\0?\0qQF.\'jntkүn\0Xm7\rM!.މI]f#J}','lightloona.php',1),(6,'Light','Twice','Hola','Prueba',1000,'\0JFIF\0\0\0\0\0\0\0Compressed by jpeg-recompress\0\0					\"\"*%%*424DD\\					\"\"*%%*424DD\\\0\0,\"\0\0\0\0\0\0\0\0\0\0\0\0\0\0\0	\0\0\0\0\0\0d3y\0\\5\\E{?[U@!	gWe\\yO>.0wR_ؾҠ}G.\0`,m$sI:|M:z+\0@\rzZ4JEʔI\0ǣ|\n|h]6ͮ1u9\'}c\0ֱTOwi\"@m=@Xz`I{8ALF\0G\0\rg	ɻ}v\0#k:\0w \ZŦE=ݓ匑0:>\0V[waxٯ-GP+}R\0m뢚(Ijϲ7=+=S\0:.;m1&7,۬uJ_\ZEuv:2G%ea4TyިjWHm̳i_)M\"dogzbt\\]]8Lk\\_<UMR~Ip[fo3}2\0S]|ulUŭ\\oA\0\0\0\0\0\0\0\0\0\0\0\0\0\0\0\0\0\0\0\0\0wF\0x\0ɮ\0k\0\0\0\0\0\0\0\0	\0\0\0\Z\0\0\0\0\0\0\0\0\0\0\0\0\0\0\0\0\0\0\0X\0Rh\0U4\0\\\0f\'E\0\0\0\0\0\0\0\0\0\0\0N\0\0\0\0\01!AQ\"025aqs 4BRSrt%3dv#&@Cbce\0\0?\0\0&c1[.<ԎO	\075LYns8-9<ZRS5*\\wQ!\08w!z=tۨq%H=Ԇ`iږk.;7܂ix90ޜ\0-SZ]4}G5G\"Sa\'JZl[-r]O5i\0}U{\"RmDϭY5n.-,ۥCuqsl􌘉1Ky0nur̶\0M@@B\0)+A	IͼmYJA:tI5L\\~q[|P(A>qx(/\Z_WRZf򏮷򏮊ҳJZfrܸ-.)4ˌBU.R[a\n\'=\'9k6u}`2!~\Z=\038:\\d/pF2Rr(p2A\'=bFv;C\\+aiTefK_zj[E$\"Bz	m	**ޮ^0\0oH@i/0d>z8\'&Zү35}\n=)A\r쭢^uv`ZkZbad#?E5,r5%ݫ[孲\"yβD\n]_5쭒户v-sۍ[\0^uRϧtRaC\\-.^<9(<J[\0\ri8D֮0]hz9_E[\\ݟi9R6s[PsӍk\Z97nP~q)3ήN:?DU_hk#uնϤM*RҒM@5u̔		B/܉SNΒ<ƣݙ\"\rI#!D(&gQ>#R]%9-GSi#&enBZr!Ԅ0Bܬ5ozFPiɉra%V^l!!m@;C6;!K-bqǧ\"L7Z~>mW[/qڵZ.\rR\Z3\rb6K\ZN\nεP``cX 57Zuڬkǳ\'ZH׬*%}VFv>	A\0f~}qp\0RFkR;FOf4򎸡rp$qRyZ\0kګ]c&E³1~@c7+\0|P}ioGPMhon!pB)jXYmUjV]^,TuXIWXKqK.}}iKG$&9ed.ΡQa.ki\0\r]9?JFU`%<+RHB}եg	mu-G[٫Lr&5ƥ\\ 	1̂J\0j.i!{Z%F~J)HHlnzl}<IHl B=R;~N+_>vVXs6;V=ty*>\nw\\ wr=SM,#-)V&ˈBP\0&913 `U|B+)a1\nG55tX\"\rcYQ7N85baޡ\r>s?0Aj0ExϬ_GHv.2;N0nTrTÇO1JҮ\\΃6nJfl	(!M\Z_K&\ZP(1+)ԝb\"\'t7#!yգaU<ȱgxs@F[5!p5RB\'CqwzVWLD3s.Bx%=- mm\r4Аp\0s$$G~1$rͭ!CRNٴ5R%Pp\'Yn,c#r	TٚvQ.ʾ\\,PU=rmj#GmGo`[\'Nb嫗tejyݮoHu,#2VBF\ndi-9vnõ>sJ7gUj|v:I!9;;ʥHTWRR#h)XX4d7-ALezdQ~\r#ٟj?qkm\r!\"zϺZyc^8Q.\"Rp2{\rM[(ʉ-@۝<4gKayBQ}aLFj;HiHJR0z6zxgo\nyE./AֺOk[kZ\ZaB\\c\r7.DyJР-\n߶mjg監}Ӓm=X E֖֨szǳYrlD1{C$#m/Q-A]L%n{Oe9}[-$ra(eeD0ɕ2&S;!VM;d0&|\Z?Gm%nU]oq,hX̸\0% Ԛ)ڃ/.K&C[ҜK<K\0#\0q!6h샛og?W0>ZGpTu:7W#[EI[\'orxYG[@۬+6|$gfⳆQ[xTF;Z@#sĨ<Z^7րpɁކ~\'-Z`qt}tz\nZ\'HXG}a΢\Z?Gmzfq\0\r9,ؖ.32q	ua+	PHL(oi	BF\0``Si.S~)JФ-9Jq݄(۝~~\n;_?{ӲIwyEo(ޅ!gBIM;wopV(8;BWآ)͝[&b<Tn}*s*\'\0֐؍-K1@)EsGb%(N\nmjP--pNV(Ԟ*WY/${=l+L\\0o5@Z5V4~16Uͷ1tޮD>SP(.%m(sC ԍ>pr>qYC5q(m!$J@[?!wiX\"?#AHQaH=~Rz\ZԞ+?YgWTINMAR]mFc\0QiSx|o6t}\0zo))<R8k\Z~+?Zgwlt0V\0ZO\\6rNIUgK\\46\n^p8Roo,#h^zvGmzvGjmM{{;1q~\'3)8\n4h֤_S?F;>yoX{*PΪӃ\07\"5^<=$*ue6KaN0V%*?vviͷ7poy){|34?i{N3ur-9hARTT\0{\0|j?pPG{;P3aU,G%9%cEmxBT[IRW{mO\0kz.![&C!ˀx=@u6^6ظ&`\"le4qk\\_>ص%~ٷtK\rRH[~My?-I4#ɥp5X35z4=\0Xu~FkV;N\ra`8[~N*fϬn{J2V\"K-8Zɫ66lu8oG6fȟk\nBVĄBElJ4}HjzV\Z!M1.E\0ص%~4ck\Z=NFާ\\f#\nO\nOI##55n%$A	jSS0S:\0WvT	\'J]{Ps~6PIN\0+p\'9F0iiqKZ_Y}\Z}3eUĶ$d\nHα\0Zԓټ\0Bmwpkmx;IIQOR )̡r[Dvai\\۫J6v$Ydf>U%꒥!$>Nůg;:\rFt+%mpS!o;\"E$`Rxju)Q֗1G9Ot(\"j@ZICۊBs#<*5<UB)W}@S#<4<XG\\}?A>ywlMǛ%L,\0<$3mIK PE4˩%)	JN<vo?cT_a;\Z:\n@a!(wF\Z{aǶ@Q6;	O\"מWYdIeQp:;hx#uGȝ!.#To\\1V/џh蕸iVyEP\\y>xWޓ!,(0\0\nIF0<1#>c]{5wy]4l=Feoj^vZ,ۋ)xORp\0&jtY\"Kiuct+фzmI+l\Z^MaC]1eFVSwiV$d+U	I%k	hZSWjGϟME*KJRqÇf2,Z6F:Yh2\\uKV\0$\0\0\0\0\0\0\0\0\0\0\001@A!\"QR`\0?\0_໪)v>-8e^Ao>ӦiME:h_\0k2+vS`Ȧ	1\Z;AL,7\0,\0\0\0\0\0\0\0\0\0\0!0Q\"1@AqBR`r\0?\0)qcFnu(кH~ZTQKErE<IˇCǷ id꣝骠\n8>kU@`Sqn6ue;SFO0z.U(4tέ$6ȧ29j\\B\ZQ,\"ULS_vzf\ZS.6N#1gbYI?\0','g300s.php',0);
/*!40000 ALTER TABLE `lightstick` ENABLE KEYS */;
UNLOCK TABLES;

--
-- Table structure for table `microfonos`
--

DROP TABLE IF EXISTS `microfonos`;
/*!40101 SET @saved_cs_client     = @@character_set_client */;
/*!40101 SET character_set_client = utf8 */;
CREATE TABLE `microfonos` (
  `id` int(11) NOT NULL AUTO_INCREMENT,
  `titulo` varchar(255) NOT NULL,
  `feature1` varchar(255) NOT NULL,
  `feature2` varchar(255) NOT NULL,
  `feature3` varchar(255) NOT NULL,
  `price` int(11) NOT NULL,
  `image` longblob NOT NULL,
  `href` varchar(255) NOT NULL,
  `active` tinyint(4) NOT NULL,
  PRIMARY KEY (`id`)
) ENGINE=InnoDB AUTO_INCREMENT=8 DEFAULT CHARSET=utf8mb4;
/*!40101 SET character_set_client = @saved_cs_client */;

--
-- Dumping data for table `microfonos`
--

LOCK TABLES `microfonos` WRITE;
/*!40000 ALTER TABLE `microfonos` DISABLE KEYS */;
INSERT INTO `microfonos` VALUES (2,'RAZER SEIREN MINI','Compacto y portatil','Capacidad de grabación profesional','Conectividad USB',1000,'\0JFIF\0\0\0\0\0\0\0Compressed by jpeg-recompress\0\0					\"\"*%%*424DD\\					\"\"*%%*424DD\\\0\0,\"\0\0\0\0\0\0\0\0\0\0\0\0\0\0\0	\0\0\0\0\0\01?L\0\0\0%=\0\0\0K	  \0\0\0#oNoz镐\0\0\0y+.@\0\0\0\"[=,i\0\0\0&3\0\0\0#SojLA,\0\0\0#P:l̯\0\0\0\0ѭ+o\0zR\0\0\0cuV0\0\0\0Gy٠\0\0\0\0\0\0\0d1\\S\0\0\0҉Jf\0\0\0\0\Z\0\0\0|}v\0\0\04kW^Ζ|	N\0\0\0usې\0\0\0\0\0\0\0\0\0\0\0\0\0\0\0\0\0\0\0̀\0\0\r\0N\0\07y\0^\0\0\0\ZWg\0\0?\0\0\0\0\0\0\0\0\0\0\0\0\0\0\0\0\0\0@\0DwP\0Ov\0\0	\0D]\0\0c@\0yU`\0\0\0J\0\n\r\r\0\0\0\0\0\0!1APQq\"236R%@BFacrs&04CDbeuv\0\0?\0eChJR	H\'{Z#bf~)H\".;xzۭ5>ӛy|09}(\"<ZaC(-\n`xd4@fjNaO\\p\0QSY֜۫5g*S2V}ZZ-A\0qqs6꣈	-*VWAR|u8i\\&劂wR:L9	\0Wz-9҉YVEb4.uvˣ|6hufU0tzbݪC\\7dx6b{^J[\nXH_I\'yu8喂Ue oPܳkJۋHP$`Xwd?VSZj\n0DΉm\"J#,CV/+oqxAQ\r܅\r$n<A7Oawo)(@nI	|L%)iLҵN%%j]OM->ڥwɧu%l-&\'ԛ\\R\rHA60vWv7\'ȞoB[`mJJ:_h8z.`zn|{Ibfw6n\"CCmDĭDqěbQ	lLho O͆Bv\\q}]fSJJOOgXD\0jPf2Z`\rtF9ceVJlTw|\r%)؞~X6\r\0=Cq{)#sH|DqrΪHKhъI8e閚&-ѳ>!\0+½x>1ݱIyFq,\\O+a~L0Ny?{PoŅXW8;GPqKX)jv7_3{O3kJA\0Xu!_%\0_}5f}kTUSy]$.}fu_!)5h*2`pUXf8Pu.)Zq;\\miPy(bdtXJVͱ325)!|m4vOϹ*5R#:,8%xxh|B{$f,wT0qJ)|}}]$4!KۜG0\\cv2IBlq=~A[sul\\gռӦ9ֆfE1Fz=9XvOp\'hU\\^؅g0~ao)e,;U*ԱG1b\0#<Tjyq< y4Vs2e]NG#n&Aq\0~V3\")5JP%-ybe@\rT\\pd3Ӳ\rB}42Icp$b^[~3kG&g$A^6UOTP8dj\0\0[2L&:dSc.8:-gj+}᳹\\OE*	O2ݬX?D?*׊VfP*-.eI{ao>l,	$#bG)\\[CZG8:umMf[IJWAoiqljyBb<P3Q츕ڻKe*qm\"3	RV\n*\08ݚߧNnI˔gA}\'{RF߂1?DQJT\'$57]?ka4D&#\\tT\0>?R\'L\06#~Ec\0؋)_\'u89+R|az5s^FL:CfJqxҮk7(l)b!\"#[\\(SJ#}#\'}#\'\nD\0u&6(,B#O0X2pX2p!#\'\rI\nLtqE\0M\0\"\0\0\0\0\0\0\0\0\0\0\0!1@a\"B02Q\0?\0\0ôZFp(ﮈ:#:mtXW6\ZMB#bt\0d!å-P[\0!\0\0\0\0\0\0\0\0\0\0\0!1@R0aQ\0?\0\n\rΉ6qRFSk@RAtNO\rsfZ 5QΑS|./k*;','seiren_mini.php',1),(3,'HYPERX QUADCAST','Montaje antivibración','Sensor de encendido a silencio','Ajuste de control de ganancias',2000,'\0JFIF\0\0\0\0\0\0\0Compressed by jpeg-recompress\0\0					\"\"*%%*424DD\\					\"\"*%%*424DD\\\0\0,\"\0\0\0\0\0\0\0\0\0\0\0\0\0\0\0	\0\0\0\0\0\0\\l.r\0\0\0ix\0\0\0 `Kwr0\0\0\0 $yvex\0\0\0\0ɵ`\0\0\08h\0\0\0hkƃ\0\0\0\0b|exY\0\0\0<=۸\0\0\0\0)z19̇Y\0\0\010pXϐ\0\0\0&;r~\0\0լPu\0\0\0)Z=r5D\0\0\0Q?m؍\0\0\0.Hذ\0\0\0)ðxF\0\0\0>n3f\0\0\0oEXIC8\0\0\Z\0\0\0\0\0\0\0\0\0\0\0\0\0\0\0\0\0\0\0X\0r֏h\0o\Zʹ\0\rlgh\0\0B@\0\0\0\0\0\0\0\0\0\0\0\0\0\0\0\0\0\0\0\0\0\0\0\0\0J\0\0e]\r\0\0ws,\0;ڼ\0}\0.H\0Ri\0\0\0\0\0\0\0\00\0\0\0\0\0\0\0!1@P\"AaQR2BTqu\0\0\0YaZ֌WsO1V֏z.b]/?SN̥0g=7T%(gTC<O8cW)/\"y:¨@|ÇIbd+\\st7yJͮ^d*2/{-g0\Z=xg:|0\'qWr֎ѨnԸj)~s\ZV}RDOq-j9\":TUוIKH%(Q?+TblMc盹GXVW9OgDEVϽ5>SLD666#jp	ȣ|^\ZƫkS`2ˍ,=RYE}_kRlapZ*qg|0UTQW@iÅW1z^T^jUQx۪_WҞG(׿\"ʵ5]`qTɫ^Ys/(H읧\\;Q` 1\0~i#!&3bx4e/ؘ*Z9mZӚjd5ZQVv2f}r2JȑFag\0Qِ\"9{sRa\'\nτyjS_\"YFuahC0r.b2߉@&ƶ̱:[y,D`,CmwB	l_\'\0e<,!d_LeuдG,SǮ߻KhKGCqX}o[<jLKwεSQl,L<dLYta	8U(R,ÜB*	9\r|lFʉhj,;\Zεq7#Wx؆x9NET(%۴AҺ.X44\0kYmw1KbSr`ȳEB=d>.SEx*@/.V56ҏ%`\",<s0YLn+,Ҏ.ja:}f9yY/°Ea{	j{9o%c#[$p?5VVjTs$RY9 {;I۪Kׅ2Y2lVޢlgz0kB4z& 29NwcЃ6Z\ZCnm1FeOQbخjHkJr\rÒ;:ubg]qlNKU3[ƿ{#G1ȭssn! |#Up9ue؎UW\rUrYgwk+-w\r2k(\0N\0\'Z]\0.,AVG\Z{;C,	ov|OToIoWq.pu܆pxtzl(­&,r	RyI_qKZ\\ϖBUCy_PdV+R\\\0f,K|5FG1F8j{\"y:TT_~_+UgY4Թ\'4\"J\0٘ٙ1\Zl*Ȁu>޻\n|2,D1ħ\nTTůӤ\'Ϋt{\rN\\0r,ihgx&9R.Ԭ\ntcY\rb]ȵNc̞T_\0kuZF9?{w1kH$2GQj\"\"{\"}\0:\0\0	\0\0\0\0\0\0!1APQq\"@Bab #CrRcd\0\0?\07KeǽT(3=e\\_ڡfA剶?a|#I\'ߧh\0zY?^\"_MdE$`<j1v&au.s]q\09S_!j(x~ìr|vCD:7g\Z\'c~\rga+߷P|㑒\"X.\'(tRGySQσ\0wS;Qf,\n}\n]݈s/Ij2f)ՁF9\"fCm@%G(؞TA\Z#pS)Q(bYeFTld^NwkRix-A+TqSu 4^1A3r/k$4G;^Y2ZlJe;pQ-.+S\\xOd@!.\Z|TwȇielzJX|\\ dv-uIb:A\rYuǕѿWZ3+bX	2_⌉\"ݑߍ5X\\qmeA\0\rD;CܯJC`Fmla\"歁[*/\"xkZ(ȉ\0ʐ$؜?:W&3&L\';Q&-@B#0\0E0Ğh;F{BB+\ruS򬑄.cRP[z0Lq*_iS@ޣ]\\/l \"-C+1Z[F|0ZPRwPڗ]=xZ`;UIW{@8ɞͳS	񅞮$@IH&,A1eD*\"^jm&R3\'h8^P1u[̻4RQy;\"O(Ivsh{Z&zy!O<~Q{XW8\0J\0+\0\0\0\0\0\0\0\0\0\0\0!@AQq\"0123`ar\0?\0&UvY[̺2Rrt\'SsV^PG⿪\0v9n$!AVK{D(\"	B[GE\n	B`&F\ZwMWCЎU\03[qyЛCzBñ*\"\0}\0-\0\0\0\0\0\0\0\0\0\0!\"1Q@Aa02`\0?\0JJ3gTjN+AZxu*8\\~dOa\ne7_\0oe+<%>^SS\r6fӏ;sӰ\\jTG\rm]_F{nңԐ$ԺsfA+vlC/v(x[Y+jNZp\n^Y<^	x,yRp2|̨EVdrdsu?UNQ[}5\n~F#ej`&Pz}{3\ZTI7 ök:tU(p8f\rZ3\0\Zr\0`Ė$','quadcast.php',1),(4,'RAZER SEIREN EMOTE','Emoticones reactivos','Conexión Plug & Play','Condensador profesional',2000,'\0JFIF\0\0\0\0\0\0\0Compressed by jpeg-recompress\0\0					\"\"*%%*424DD\\					\"\"*%%*424DD\\\0\0,\"\0\0\0\0\0\0\0\0\0\0\0\0\0\0\0	\0\0\0\0\0\08tru@\0\0\0L~|e\0\0\0y5h\0\0\0vԞep\0\0\09ꌪ{vh\0\0\08*oI\0\0\03^FmG\0\0\0کv}`\0\0\03zNբs\0\0\0w[}i/o~\0\0\0-럫*\Z	\0\0\0\0e{ݳA(\0\0\0:A\0\0\0q\\\0\0\0\0 \0\0\0[P\0\0\0R=\0\0\0#\\?n=?sؿ@\0\0(|o[\ZN\0\0\0\0\0\0\0\0\0\0\0\0\0\0\0\0\0\0\0~z\0\Zy\05L\0\0׼\09\0\0\0\0 \0i\0\0c \0\0\0\0\0\0\0\0\0\0\0\0\0\0\0\0\0\0@\0Mn\0\0G,\0%\0\0Π\0\"]@\0dր\0E\0d^z\0L\0\0\0\0\0\0\0!1PQAaq\"#2345Bbeu&7@0TVfst\0\0?\0:346$S󃂟fo:+H?3r~ť	gM}eb]vSUUkS(Ҽs\nƟ_5J8j:\'*+TA|rM+Jp%zV+?!`bYVT&Jd$Fym=C{#P:y\\8&Jq[ә!*Iy:MAqd54BCtN\r	JEӊA\\\'P}\"FLkQl*<p(hxlꍨЄw5ar(mL5 $ @uc*Noe[K/.\09xeq4eB%-_J>h􋥶fr9sm\\qvtz֏*CL-IXԐ\0eoJcym+OePx˧Hqbcc)Jmմ#f\'VBsRRl~N[\n p֙qip !J<@P#Jmf\Z[$6>Qg $$btTn\Zh8jY%VTOI>e78z:2{-~(-ZʪF8ΫŢt51q\ZA2N2}gad,ŗs:+!$؇󸦀|\0;xj?Ztؓqe =,ӹեxW諕.[C (HBBFlyq/o,SݻTGP}g3P(P54߫|A\ZT;oQYBv\r|qO9#-O^yyz\0V:Ut5%7w\0qIbAősA;F񼞀1]@naZ\0Jm1^]C\0s~& aF*8S9/P!h=xqL-!Z]CoUypGYOTRd/u}U^+[f$lBRIJj1:\"9\Zj3T7.jH\"+:sRj8{2-\Zc(q$W7%˻TA(=\0#j}QDA.9:4QX#^ՕzV`ЛQ}KC\n\0YAFVѩ_c),kR([>e7	t:1LL;Fh0Tĭi\',\rGm~\'(c;3-C\nPO.,!R\nS>A!Lܲ<u*\0j9=7SJ5I	R.^d¦-Q:qWi5kŒj+`8R*يK^V(JI>Rej19XΘrH^ó)]9Vⲥ)]%E\0z;\"B)ne5C>yݍU+ENR!B|\\D)V{5:Nq̷ɷYICAjJ%rSѷ+d(uHv A\ZTH5[F\ZK|[i2im&5SC|k[y}!hEZڮ[A(m8yEȦzŋ%d$5QJN[\rɈo0܇ZPZ;RGnyMfi#\"$ҶH\0+7m[6NtxʣZᦓ*i5yӇV$[7	GW1کvV-C1Hnh4ro(~J4*YPU#*)TI?\'{qs,)(!9=o\0%\0\0\0\0\0\0\0\0\0\0\0@1!02QA\0?\0\0:CPW֚ȥZ9\0GǮSSPdp\"n3]iD$np1`϶SLMJ1N[p4Wh\n4_Qx*\'76\0&9\0#\0\0\0\0\0\0\0\0\0\0\0@1!QA02q\0?\0REs{Zdq)c.<3&-<$J\0iA~wDB^}','seiren_emote.php',1),(5,'HYPERX SOLOCAST','Grabación de audio Plug & Play','Sensor de silencio con indicador LED','Soporte flexible y ajustable',1200,'\0JFIF\0\0\0\0\0\0\0Compressed by jpeg-recompress\0\0					\"\"*%%*424DD\\					\"\"*%%*424DD\\\0\0,\"\0\0\0\0\0\0\0\0\0\0\0\0\0	\0\0\0\0\0\0\">ѽȳ@\0\0\0)PcU/@\0\0\0R<\0\0\0J8?3`s\0\0\0*kw\0\0\0`|? \0\0\05\Zk8L0\0\0\0%q\0i*\0\0\0T~	\0\0\0\0Ge9o6\0\0\0n@\0\0\0UV2{%I\0\0\0̣p\0\0\0\r2\'C\0\0\0)^\0\0\0)^\0\0\0`Y\0\0\0\rsyuw鿒\0\0\0h1¼-{&\0\0\0\0\0\0\0\0\0\0\0\0\0\0\0\0\0\0\0\0\0\0\0\0\0\0\0\0\0\0%\0\0\0\0\0\0\0\0\0\0\0\0\0\0\0\0\0\0\0\0\0\0\0\0\0\0\0\0\0\0\0\0\0\0\0\0\0\0\0\0\0\0m@\0\0\0\0\0\0\0\0\0\0\0\0\0\0\0F\0\r		\0\0\0\0\0\0!1A\"PQq237@RabsuBrtv$%4c\0\0?\0wCN_8W V;mks֨=P\Z!dڡ;5SPYP!zuQκ?ҬR\\f|&T.THu!J>C\05b3\'$/)rCZhP!^\0-	IR*ɢs|DSz6>*!#{\\*\ZkDr#\\ROB$<\r)\Zea]	|jWPI:Dt=G#\01l.8C#?j<bVܺ`5#X!$ sCk. %ZV._ydvY&l\'W$%_o`p퐍) TVn\0t×N܂I]|0HZl^s,Cf;$=/U\03dR^\rٲp=#QJ\r6Oe$4un.$OqTޒlV\0\'`kvXt67t]	Nq}Xd34~ 1סkMt	\n#TU\rNŲ\0]@͇TcRaĺ\ZPAB	A%;ph\r$^J\'J5iBۀ-\rkݻ\01+sR(6icqqf\rI !HRw:vIu ෡Jlh!Ivb!b:R.EnsvOAmd (rH|Xu)$c߂|2^\Z2eTL-&րwPJ:GSqvMONBGyH|\"R%mN ldH)j$<z$a|1LUR/R\n\0\"uL=\'B>G 퍻dスXMTBK*_:\rB/0[f2{66\0O.A!!A)M* \0<5	RѠQUK~e8yiqhe\nЭJrR	P,^#cqag)[h*CM1\"ىf\"QCZI\")&睈bO?a\nv\"q	:Oɶ*ZA	l9cOqwo8jFhfv-CJCrFn\"*e;u&3c#(k)\rD_XBJGQ8mGwo^ ;d>V}\r`)[c&njFΔZ&K:5kTה(,2MC[dl(JF3X9\ZK`}h*M1XCp!Z~1l!ӽV \\} 6}cEqOeo\\Uԅg#ZXy3P!phRilfj2MV\0EĨ^$b!2s8r6ze0Z=AL?:\'NDb%9#auPӇrZP/?\\*`!BtrO@\0qT&YԳ&*^E1Zπ^YyN=Nm,\0$S;?\n6N+3_/dsW/%>X\r#͵\r=Sը+J֧w1&\"$4؇J/t$|\'KiWZ͙ BC0 y;I^->>y$F&67qǻ wLo\"11W|q©qϯq#.Zp9*1kk\ZҚ*Lh[npxt$$$+ȷ\'0~IW}jSWM˩=Δ͛$E,t*8AhI-x4-*NN\Z⮜WRST~\0⚂*>mb+\r5)<bpí%ŀUkP|JAR.jbۉi	tZĻRf6Sxhюq8q:# ~@p^Ge2OIGAfpCV؈\01&+\0E?¶aMl Up֓KBA*((d\0\0\0\0\0\0\0\0\0\0\0\0\0`\0A\0?\0LLu	Cػ?\0\0\0\0\0\0\0\0\0\0\0\0\01`Q\0?\0)&;;l7XpSZ@%=','solocast.php',1),(6,'HyperX solo','1','2','3',50000,'\0JFIF\0\0\0\0\0\0\0Compressed by jpeg-recompress\0\0					\"\"*%%*424DD\\					\"\"*%%*424DD\\\0\0,\"\0\0\0\0\0\0\0\0\0\0\0\0\0	\0\0\0\0\0\0\">ѽȳ@\0\0\0)PcU/@\0\0\0R<\0\0\0J8?3`s\0\0\0*kw\0\0\0`|? \0\0\05\Zk8L0\0\0\0%q\0i*\0\0\0T~	\0\0\0\0Ge9o6\0\0\0n@\0\0\0UV2{%I\0\0\0̣p\0\0\0\r2\'C\0\0\0)^\0\0\0)^\0\0\0`Y\0\0\0\rsyuw鿒\0\0\0h1¼-{&\0\0\0\0\0\0\0\0\0\0\0\0\0\0\0\0\0\0\0\0\0\0\0\0\0\0\0\0\0\0%\0\0\0\0\0\0\0\0\0\0\0\0\0\0\0\0\0\0\0\0\0\0\0\0\0\0\0\0\0\0\0\0\0\0\0\0\0\0\0\0\0\0m@\0\0\0\0\0\0\0\0\0\0\0\0\0\0\0F\0\r		\0\0\0\0\0\0!1A\"PQq237@RabsuBrtv$%4c\0\0?\0wCN_8W V;mks֨=P\Z!dڡ;5SPYP!zuQκ?ҬR\\f|&T.THu!J>C\05b3\'$/)rCZhP!^\0-	IR*ɢs|DSz6>*!#{\\*\ZkDr#\\ROB$<\r)\Zea]	|jWPI:Dt=G#\01l.8C#?j<bVܺ`5#X!$ sCk. %ZV._ydvY&l\'W$%_o`p퐍) TVn\0t×N܂I]|0HZl^s,Cf;$=/U\03dR^\rٲp=#QJ\r6Oe$4un.$OqTޒlV\0\'`kvXt67t]	Nq}Xd34~ 1סkMt	\n#TU\rNŲ\0]@͇TcRaĺ\ZPAB	A%;ph\r$^J\'J5iBۀ-\rkݻ\01+sR(6icqqf\rI !HRw:vIu ෡Jlh!Ivb!b:R.EnsvOAmd (rH|Xu)$c߂|2^\Z2eTL-&րwPJ:GSqvMONBGyH|\"R%mN ldH)j$<z$a|1LUR/R\n\0\"uL=\'B>G 퍻dスXMTBK*_:\rB/0[f2{66\0O.A!!A)M* \0<5	RѠQUK~e8yiqhe\nЭJrR	P,^#cqag)[h*CM1\"ىf\"QCZI\")&睈bO?a\nv\"q	:Oɶ*ZA	l9cOqwo8jFhfv-CJCrFn\"*e;u&3c#(k)\rD_XBJGQ8mGwo^ ;d>V}\r`)[c&njFΔZ&K:5kTה(,2MC[dl(JF3X9\ZK`}h*M1XCp!Z~1l!ӽV \\} 6}cEqOeo\\Uԅg#ZXy3P!phRilfj2MV\0EĨ^$b!2s8r6ze0Z=AL?:\'NDb%9#auPӇrZP/?\\*`!BtrO@\0qT&YԳ&*^E1Zπ^YyN=Nm,\0$S;?\n6N+3_/dsW/%>X\r#͵\r=Sը+J֧w1&\"$4؇J/t$|\'KiWZ͙ BC0 y;I^->>y$F&67qǻ wLo\"11W|q©qϯq#.Zp9*1kk\ZҚ*Lh[npxt$$$+ȷ\'0~IW}jSWM˩=Δ͛$E,t*8AhI-x4-*NN\Z⮜WRST~\0⚂*>mb+\r5)<bpí%ŀUkP|JAR.jbۉi	tZĻRf6Sxhюq8q:# ~@p^Ge2OIGAfpCV؈\01&+\0E?¶aMl Up֓KBA*((d\0\0\0\0\0\0\0\0\0\0\0\0\0`\0A\0?\0LLu	Cػ?\0\0\0\0\0\0\0\0\0\0\0\0\01`Q\0?\0)&;;l7XpSZ@%=','g300s.php',0),(7,'Prueba','Numero','Veinte','Uno',12345,'\0JFIF\0\0\0\0\0\0\0Compressed by jpeg-recompress\0\0					\"\"*%%*424DD\\					\"\"*%%*424DD\\\0\0,\"\0\0\0\0\0\0\0\0\0\0\0\0\0\0\0	\0\0\0\0\0\0\\l.r\0\0\0ix\0\0\0 `Kwr0\0\0\0 $yvex\0\0\0\0ɵ`\0\0\08h\0\0\0hkƃ\0\0\0\0b|exY\0\0\0<=۸\0\0\0\0)z19̇Y\0\0\010pXϐ\0\0\0&;r~\0\0լPu\0\0\0)Z=r5D\0\0\0Q?m؍\0\0\0.Hذ\0\0\0)ðxF\0\0\0>n3f\0\0\0oEXIC8\0\0\Z\0\0\0\0\0\0\0\0\0\0\0\0\0\0\0\0\0\0\0X\0r֏h\0o\Zʹ\0\rlgh\0\0B@\0\0\0\0\0\0\0\0\0\0\0\0\0\0\0\0\0\0\0\0\0\0\0\0\0J\0\0e]\r\0\0ws,\0;ڼ\0}\0.H\0Ri\0\0\0\0\0\0\0\00\0\0\0\0\0\0\0!1@P\"AaQR2BTqu\0\0\0YaZ֌WsO1V֏z.b]/?SN̥0g=7T%(gTC<O8cW)/\"y:¨@|ÇIbd+\\st7yJͮ^d*2/{-g0\Z=xg:|0\'qWr֎ѨnԸj)~s\ZV}RDOq-j9\":TUוIKH%(Q?+TblMc盹GXVW9OgDEVϽ5>SLD666#jp	ȣ|^\ZƫkS`2ˍ,=RYE}_kRlapZ*qg|0UTQW@iÅW1z^T^jUQx۪_WҞG(׿\"ʵ5]`qTɫ^Ys/(H읧\\;Q` 1\0~i#!&3bx4e/ؘ*Z9mZӚjd5ZQVv2f}r2JȑFag\0Qِ\"9{sRa\'\nτyjS_\"YFuahC0r.b2߉@&ƶ̱:[y,D`,CmwB	l_\'\0e<,!d_LeuдG,SǮ߻KhKGCqX}o[<jLKwεSQl,L<dLYta	8U(R,ÜB*	9\r|lFʉhj,;\Zεq7#Wx؆x9NET(%۴AҺ.X44\0kYmw1KbSr`ȳEB=d>.SEx*@/.V56ҏ%`\",<s0YLn+,Ҏ.ja:}f9yY/°Ea{	j{9o%c#[$p?5VVjTs$RY9 {;I۪Kׅ2Y2lVޢlgz0kB4z& 29NwcЃ6Z\ZCnm1FeOQbخjHkJr\rÒ;:ubg]qlNKU3[ƿ{#G1ȭssn! |#Up9ue؎UW\rUrYgwk+-w\r2k(\0N\0\'Z]\0.,AVG\Z{;C,	ov|OToIoWq.pu܆pxtzl(­&,r	RyI_qKZ\\ϖBUCy_PdV+R\\\0f,K|5FG1F8j{\"y:TT_~_+UgY4Թ\'4\"J\0٘ٙ1\Zl*Ȁu>޻\n|2,D1ħ\nTTůӤ\'Ϋt{\rN\\0r,ihgx&9R.Ԭ\ntcY\rb]ȵNc̞T_\0kuZF9?{w1kH$2GQj\"\"{\"}\0:\0\0	\0\0\0\0\0\0!1APQq\"@Bab #CrRcd\0\0?\07KeǽT(3=e\\_ڡfA剶?a|#I\'ߧh\0zY?^\"_MdE$`<j1v&au.s]q\09S_!j(x~ìr|vCD:7g\Z\'c~\rga+߷P|㑒\"X.\'(tRGySQσ\0wS;Qf,\n}\n]݈s/Ij2f)ՁF9\"fCm@%G(؞TA\Z#pS)Q(bYeFTld^NwkRix-A+TqSu 4^1A3r/k$4G;^Y2ZlJe;pQ-.+S\\xOd@!.\Z|TwȇielzJX|\\ dv-uIb:A\rYuǕѿWZ3+bX	2_⌉\"ݑߍ5X\\qmeA\0\rD;CܯJC`Fmla\"歁[*/\"xkZ(ȉ\0ʐ$؜?:W&3&L\';Q&-@B#0\0E0Ğh;F{BB+\ruS򬑄.cRP[z0Lq*_iS@ޣ]\\/l \"-C+1Z[F|0ZPRwPڗ]=xZ`;UIW{@8ɞͳS	񅞮$@IH&,A1eD*\"^jm&R3\'h8^P1u[̻4RQy;\"O(Ivsh{Z&zy!O<~Q{XW8\0J\0+\0\0\0\0\0\0\0\0\0\0\0!@AQq\"0123`ar\0?\0&UvY[̺2Rrt\'SsV^PG⿪\0v9n$!AVK{D(\"	B[GE\n	B`&F\ZwMWCЎU\03[qyЛCzBñ*\"\0}\0-\0\0\0\0\0\0\0\0\0\0!\"1Q@Aa02`\0?\0JJ3gTjN+AZxu*8\\~dOa\ne7_\0oe+<%>^SS\r6fӏ;sӰ\\jTG\rm]_F{nңԐ$ԺsfA+vlC/v(x[Y+jNZp\n^Y<^	x,yRp2|̨EVdrdsu?UNQ[}5\n~F#ej`&Pz}{3\ZTI7 ök:tU(p8f\rZ3\0\Zr\0`Ė$','g300s.php',0);
/*!40000 ALTER TABLE `microfonos` ENABLE KEYS */;
UNLOCK TABLES;

--
-- Table structure for table `mouse_teclados`
--

DROP TABLE IF EXISTS `mouse_teclados`;
/*!40101 SET @saved_cs_client     = @@character_set_client */;
/*!40101 SET character_set_client = utf8 */;
CREATE TABLE `mouse_teclados` (
  `id` int(11) NOT NULL AUTO_INCREMENT,
  `titulo` varchar(255) NOT NULL,
  `feature1` varchar(255) NOT NULL,
  `feature2` varchar(255) NOT NULL,
  `feature3` varchar(255) NOT NULL,
  `price` int(11) NOT NULL,
  `image` longblob NOT NULL,
  `href` varchar(255) NOT NULL,
  `active` tinyint(4) NOT NULL,
  PRIMARY KEY (`id`)
) ENGINE=InnoDB AUTO_INCREMENT=9 DEFAULT CHARSET=utf8mb4;
/*!40101 SET character_set_client = @saved_cs_client */;

--
-- Dumping data for table `mouse_teclados`
--

LOCK TABLES `mouse_teclados` WRITE;
/*!40000 ALTER TABLE `mouse_teclados` DISABLE KEYS */;
INSERT INTO `mouse_teclados` VALUES (2,'CORSAIR K95','Switches CherryMX','6 teclas programables para macros','Almacenamiento de perfiles de 8mb',4000,'\0JFIF\0\0\0\0\0\0\0Compressed by jpeg-recompress\0\0					\"\"*%%*424DD\\					\"\"*%%*424DD\\\0\0,\"\0\0\0\0\0\0\0\0\0\0\0\0\0\0	\0\0\0\0\0\0\0\0u \0\0\0\0 \0kUNN *\0=@\0Fgֻk1/Yi&8~틜Q}>H9+2q7C_<jUO+[?*Y}P>y\0PԇFemW[1:ӊIRoDEӣ:㳡ܥ\'Pˌ1/Cz&yܾ(N6?BV^N/\'Gw\\\\ϿԦ=P>+oFL=6:A-MnC\\\0,rmquW|΃sZ<ች{g|x迶n79:g?{?=T7,mtbʭr\Z~з^r/~؂\\l(o٭UM_?ύUUQ \"12:PW((ADDm{R\0PDk5on|\\Tb* \"%oz@!W\rTdm_3\Z>P{j~?\0\Z\0\0\0\0\0\0\0\0\0\0\0\0\0\0\0\0\0 I\0$\n!mkkLԘ|{ߞ\ntRaut;#Ql]Xqbz:UVF,(<H.t\ZhQ\0F\0\0\0\0Q$$!\0\Z\0\0\0\0\0\0\0\0\0\0\0\0\0\0\0\0\0\0FH\n\0苝]F*Kf3\rzIdlD=VK;0:zWcVYsv+Sm$ޓ.B֎j9அ\0\n\0\0\0\0\r \"8APo\0<\0\0\0\0\0 !\"QRS13CD#$%2BT4@Aacd5EUb\0\0\0%j1}l\"3|ќ?<g!rg!7sg09]I08[NDӾo>9~1>9|sxQFdp)kw\0#s?UV#8X=R#$XŮmW(L=Mm2?32\Ze[]mYJ-cJG\ZhiJYB~x\0fkodwo9Ň.<w],bZC!MgV=XqKQ, \"z/ޔIF:Z\\\nOg\'=\ZaYcW:Ϫˀ(ꕟ<2GcT<\\\r4Mjq_Zซ(-B\ZGVxNWkl*wD\"e{kmi\r=\'jb#\r[4oa_Zs\0H*pH8B[nP\0teeIa\\lMb\\m:Ce0aQ.rɚ\0,ϊlQqI\0x̟hs#a֜;@晫Z՟nY\Z4uSdJQq\\D֪@کpT]\ZG[Eh֣aa6Y#L,_ZwD+La\rTH	p\'ukVޔ;l\"\Zb-U5#)EJM7ZC25*@dFקB3R@b:gkR8~\ryLӣ.L\rRk̜2+2YNtX68V\r*]PRII5.! j±Av+B5PpuN>VN>^q2MqxqkcSS	8ۄը͞M_MRE3>:XU@ORé&{n^h,\\/Dѳіw}K\rM鬢ӫطAfclE֑\n`{S^s[-II}cj\nWzWNmzWp\ZM-	tnZrSF3gRypR bv;vlYDvY&RE6-\nRUvH,-\\\0Zg.WYMLSUA,3F9ڑ\r˚تu1^g\rwަ	w]Wf(V͝=\\3F	EWP	D`Qu!#VA-r[VoLKLB}N;Q{k1ܞi܁a\rVTS5p-4v[tWKT#M͢v\rsiuԟrimZ\n@Dj.Z0*S\"t4a0h7!%*UD+r-E|\\E6\'7SeBt%o.ϟ3T}x6\r^V˺9R5T\\q:pyAa]8hs}J9pqSRAa,^*5=)%dUV&rFdޞscTs,ײRZvS})E>5>\\٧m6b*UbQR7Y\"wQܽ,Az}M>`2ƶw)m\\NtإڪJhA*i\Z6^iFYY-WX`:\Z&̍*Ly:B]&\rguNM23}	*r%~SDX)UNRQ-La4z(usef1)qc&yd*\0\Zum=Ͻ54ᰃtW+L%%mC-	Z-&SGhbчٮ:iYfZmHhL;DEh{tBz/*6II	R.䡺J]\r)0wP=d<˩_,tWf\Z&.\';βh\0VJ\\Z+,Qt aUVZUf\0PMơKb| \0>~YT.Sj>9.ŻnHeBK+Ep)E\ZS@ߵP/1W\"~\nQׂ@bJ+ˢZ4/@e-IA߲+%ď+X,,EV\Z5@+ %\\ZKRD\'<f4lOU@;;\"+2&cz[ršwWTY>JdVɲf*r	DDS(Z\'H%@_pzBkSE\nWWSMEz^n`\'jifgֲ޻C6Nt\r9W+.oZ:(JjZZ~\nul\Z݇IЃ~6阮-\ZЬf<?QѝÓ>wT<\'o$:21jWr$i\\\rU	,թ2\r4z\\LG]XErPg_!@,FՔRַ+bME^ ٨iԎTǹI!b\'bkZ΁o̸.\0Olkߞ5㹔9$3jg}9Rf)6o(s\ZA~y\0~ZFdjv,O,?sO.{\\*NBd926p+e7\0@܀jؑ(]<ܘcdf®<Dx[$1S\\p<؜?=v%զYA(hX1yzH;v͠릢}Ҝbk:`++oYۣ쁯^BoZdKݕi4x9:f+<VymQ+TC=y]_E~|:u@zt(VWJKy\ZTJ|kbiL˭NN!ΰ lX%`@$V˟%c!XÈ֭)&x\nr)P/$Me\0B\'[~Lyi,{597,9Nr)SAg,99rysK7\07Y$CzVo\0/9or7|9fr|9f9g,,6s/Q[vwnNDr|7r|,圳r|7|7|=r\'7|7|7Y9g,圳rY,7|7|7и~MFeLߪ9:?3]y;eמIc^y+u;sՌZ83)NϨ9\r<a:3ݾ<\0:tG?ּ\' Ag+<^FEEPa%\0?\0\0\0\0\0!1\"AQ2aq Brs#Rb$3Pt@c0\0\0\r?\05M\01\r(䝳z5_׾-.%:E8gIl]NsKgIO֎<:\'yS{k޿{o^]8Sq=\\^-<M	=57p\05QN5u⿸濸橖?ӊ!sa-p`O5N`%7;$Y~:p\"&9k!6uBAF\\Z[Ȍ/(a{l$ۦua&4B\ZArQўG;>e47tڴc-ipEɾ|s#D7#{[\\\0|QoTNQ.{FOU2\Zz`SivrVkt<}晢u{(6g>6fчkmx8!lZ9:rs#n|QpTMfηF99UYk|Q\0vILcVX&:X\Zn9]X޷9侶YnvnlonoN0e\r-ZI.ܷp\':MLL]PuFͤA$\'R.d\09Md{CW\0^X#X\Z6e>:o/nZd\0螛XGus5F=1[LS\0eFꃆr0{i)W-,=Qiغm#i=l7xV]>\r!~t$Jiqsmn+a&E5ѵa\n7PuglC0[}:`Fgү}(uӜ!Z\'2~)\'yp\\LJ\\̧g4ϹO!RwM6|q;ӋIw\rծ㢌Uk)bcA&WE^9_Z56y6\"\r3ߺwFGxpn;:rW 6TH{ݥ7kck<-\0|p-ooXĝMp	a@,ۑ	^r3ޛ4Z浻41-le\Z3\'EN\Zc-m(~G՚@MN8TN[%54õ2_v7vzm\"w#]pc)8mh<d+f[6q1YgSk58IZ5oeyr(8ç=5FP2m	M-\0(ԩ0ڃ6.Lhv܃*:.w\0GovtaypS\"\rCL[-hNȎpUMC2f@Lf!EI\r9V5*<A[gۤ[2vC>\0\'gR=M;$k*_\r5O\'ZL4OHΚhmg*Y`\r|OKYNi/{zv时0gy f[YaKN5@E[hvA=̓skتKp0tp&fF+f*m[`sRY$s©sh;.W]EK\\#zcۘ&O=3Ԣ\04CFe:1\Zc;U@pٗ<ոG~굶]؛T@|*>ZIL=dIg~軥Vp`\\=d\"<0bMv7\'s}B!KX{C JyƧL+m 53:g(hUK\0~;KKKfU\nbp07ȗZʉހdO%e4;\0Z*d&pD %NZ}=phu7p#npʵq/1<DnѠ\0~_j?W~ؗ8\0hr9U\rIJlj~jGMPoGUYvDiR:m5ԋcrmV;`\"^`^\'4xgl8r׏pF?9+)S\ZD!Y}~ju\Z]VLHDm&~@ҖoٍH	A@T\\˅22_kwdk_~z#Uhk_:zll#ǊWe!RWńwy\n$],yvΪ۱z縵ш8f뵠ʓT0@qbD3a\r#QtoƟkk{5)1N5ŰG(F=>S%nb:Tjʠya4@0_at-lz}gg(Lm\Z?4;JM$N*.ڤKȻ8/?CW:ITKtq.^tjtm+U$YQ\\/x/zoeҞ\"vfh@7&&x\'{0蛈\\pD\\LFvm;\\ kܙNP/D:5oFA\r%!m;UE?		\Zo;`\r^^^GV\\W||yM;Or.ml~aL.e)~?0sȅG.F?2?d8g~g_W\"CrǌA\0~ʧ\0%!~@@o\0A@5_]\0w%%|y]w%|y\0ϒ>K.ϒ>K.ϒ>K.ϒufE?\0(\0\0\0\0\0\0\0!1AQaq @\0\0?\0\\FycO+<O\Zx\0f`?K\\*Ad{},b_Þ\'<	?b:g=u*wT&P#z\"wo0P=yE*PM\Z4D(^?)<GMuĮKW@nr(k]2*1iZث\"Q\\;=J\\\'KMN%co=n!\'3h#\Z_٪-߫$\'{.\02+}&F?Z>1CW0#፜0~#k)cQ4^JJ6^*sLq,Ƅ߈t}[\'{^<ai+1Tz\0M\rPyE4aXikE~HЏENڛ_7\0-b/ahkز-2ZBMx*+җrǘ\niam_i\n[IhШc;6d%2	ު*+@n`۴$eRQFi\r\"tf8HVx*)ݫ,gb]?E28$Pm)bÑ	4.1X)jODwv\03Jt\0\Z[a_uh%M\'LF^4\Z\0`HC-\0\nUqCDd\0IQ9mWRk+6NN&`^ ?EE3/Z.Ӻ,$Z٬U)hb:LE	m*kTgQ5jbL4(:zP\n)\'\0^[~Wt/bdX\"h1CcMNbturئWp̌/&̋RS4a)|tK8\'Nl2Ð3[AH\07CU( v\\B=pszPb+ӖW-zQEޜH;3.ے@\"e,,X\"D<hɽ\ryW(1d:-cc\"t,eiF&|؋<\Z-vڤL	D,<QXVA/.$Va(	#Cnj_Vv8㨅V	uFgH&\r+\r-`NHm5-Zt5]0~pQ/I+ieʎ\rD]*$6f^30a,8yw6Wbd5AJ/p&\"rrjHQ\0Dϲ)?$pIdDj0D\'XT\rd\rxrڶV+-q2\06lKsBΓ5CCаa(!c@@Ӄ\Z`C8$a62ͽT2(`6A`ܲEMHjkK\"ʵ\"+n\\Õ*en}m`]YեǲC/p-hDjgƙWgݪ2iUcYERTR7תCwtP|P(#<ďg.%]6d*aUU$\rqd(/@Jȧ`pF\'ZDS(jd2%G$,v	hшYgvj@_Wk1Sd1WIP(bvRFxߴMa\rM]Cg0|4Ɂ\0h\Z-cI-%ȠL{Nu4)˧QhG*@1/!+FO*ّxWI-yX70XcCR0;.|HDT|P8撄B\Zu3tfYqK6IcaS//ؠor.ቿ^Xl(4 y^a6$inTPWIz}V	@	;u0ꣲoT\rF$cs5JN<KXu\\۵|Ht+pSc CaEʊ聰(OeycLU#d.qXc	PZh\n0M1yR#6\\3vq&18S\".$=	Ƿ^u`x\rŵhPE2@yl:jRpj4M2!Zry,c+PECU؈l\"F,e鶰jJd\'2\Zx(7:*AȈRrF2Tr]X+s#˵T,D{(|I-bL\Z`#\\7ElG#1\rD\\r\\ɌÈ .	OI9.f^!K2\0US2\rҢDAa-6}0.T,#B˖AcP.K/`;Bx1/dg9\0-9\nqq0\rPTpP_r䍴R9PsF*e=ÑU~C3Z]r#W L8QnTwhОF\\~X&ET@!Jb[bZ;D褡{3-~|RֶU3\0\n<Rw!\Z$,M	ۗOˑf\"V^J`Q _nGw\0CtyÅ{05U/4Xj@Ћ\0fzIryhF*![(R>\0U4ڶSTZI1wnYP-Fɭj*QB}^hv~~!.ZX[-ŵp-.	x $E6\Z~,K;B|2O&^={jcx{Ox廕#?	HnSϙ8WǏ`>kVRVRWN%\">~5c\"n#~(FY9K6iioܼw^[g2SīCtc]|RCl%)pu+c?jv=ԡş2?9u@QeTu)%^Y[ڍJ3YgҼ)w}_\05\0\0\0\0\0\0!\"1AQq#2BRa @03C\0?\0<?0sraGr1ѣqs,: 2!v\0XԀ[\0Y[pӍhmWPX^eE\Z#LQfF*{ӵ:idfc@ީr1o~=7_JI-1;|z	{(gzn1珯9,Z:dV,GϨq֚Va,OV)Iv`sPDPlO\"`s:-p5`aXa[}EV)D\rsDv*TI<QņKjt}AW([\\(>pX + >ݩX6qԍc#Q\"^\Z0g?ُxӁ\0sw7xΆ-@p`zOPn=M};\Zw9K ҭrY6QOXCvwac7G$듓tkу+W;N0WS#Epj4sS邠3nk8$cfdm\"F:]9\0/Ɠ/F\nGまMAje-y<fo`T\n[{=cMJ%vO@aX\n\ZihȷglZMc(Q}şluOS[5V&y%[Fn dĊ\\v6.ϏXX_ڄ1\n׻d랡 ?q$1%~&7k!i#MkNL==:(T!<}s^tʂE	$wr1t67-x懑)P@k4EHӪPZӷ`8LCB[?dr~օ	<\05!t+nHsC\0g	l?QjP&2\r<o.p:FżꡈۮI6:0A]dQ#	RڍsϜ}<qc:~#xh7w| dzxDdk?ncd_o!DIlvBe7:Z?;Ɉfs,Ox6SxN7صWu0YԌ\"I{7^|9,xǎ3 !w\r٬myU1,>??\0;\0\0\0\0\0\0!1\"AQa#$BRq 2@br034S\0?\0-MiokWݏaCX>X>:=͹x#ٝYʯsK_ݮZ5@U[GnDK/M*͵؎O~u,W01IDalWst{ׄe\0\0phу,lֺB_2/Q[VqIq2djz׼A=^1\n{LAjTFX}Hwcܟύw`\0hL[Tۗl\0zs.n$Bq#9#>މn0y7Mq0Ⅸn٪gc9mN+YE-hҤr!R@%Ժ(hU;.­I4h(?{<\n,e%ӌ\r(ٿ\nsM`bhY΅{Ño|q?w0O	8,vu@8մIѐkw}SFx21vLm{*EێǗίcM#%F\033[C,ML/(O^09R3@cK-ޒ##%6ՠGOS\'grti2sw,,wУ\"V\n3,}6®yV%C4,2NXj|\\]	C2$q:<KӢ:1he>\0:ET,XUjҰxXHIJr0j0htÎFҨlyX\"xOj\Z UxIJlGrvbUNXHc[N\0!錸؍u\nKq$2:\0\rѯ-\Z*h׻@I5]KC3JP)9c7GrDa(]G)FfN<*d*8=I]SJ97?H0ݖc\'\r9A<F>E]L2ڳ\0qAȥk$W,\0DS*E<\"|#NI\'>Dm-{q2mQCKH$Jm,\r\Z3R&Rv$Nj;*\ZKhZ<>Hw$Pt\Zdvujon4ČIIm@71 H(T|ZG5e;^Cf^lm,JUs0cDIU-|:R6=i^/7k+m Ʀ(̹$H/j4h>cM!V|\Z&1GY6ϝ.\r`g \n\"c@9xvetrڏ<bM#w>O?gO','k95.php',1),(3,'LOGITECH G305 K/DA EDITION','Sensor HERO de 12,000 DPI','6 botones programables','Duración de hasta 250 horas',800,'\0JFIF\0\0\0\0\0\0\0Compressed by jpeg-recompress\0\0					\"\"*%%*424DD\\					\"\"*%%*424DD\\\0\0,\"\0\0\0\0\0\0\0\0\0\0\0\0\0\0\0	\0\0\0\0\0\0zpp\0\0\0~[	y\0\0\0!|\0\0\0O<Ӳ\",mN\0\0\0]ӫ#V}(\0\0\0>[_nArou\0\0\nxmIъIɺL9\0\0\0Rk&<``v\0\0\0t[pV=&3\0\0\0:-țF>ve\0\0GkSP\\\'5\0\0\0#h(h.\0\0\0De\n.\0\0\0#`) ,ێG>\0\0\06,L|L\0\0IIKG3\Z/~y\0IlQ u[\0\0;>Zoo\0\0_>@,\r\0\0\0\0\0\0\0\0\0\0\0\0\0\0\0\0\0\08\0\0{<ؐ\0;ZOQ\0vry\0\rS\0\ZHp\0;S3\0{\0\0\0\0\0\0\0\0\0\0\0\0\0\0\0\0\0\0\0\0љ\0rw\0|\00Ln\0\0o \0\0$\0\0E\0\r\0\0\0\0\0!1A\"@Qaq2R #0Bb$35PSTcrs\0\0?\0oxxw$^Ѵ\0K0?OEkxRoMf\r*+*~	nߗ-xJҺOng@u.[Źz(a^*Rk߶jaD	,2:`1\"գ9S*4Pci^J*@5%C2dC\0\0dUV-aB&i9TrlOﷷU\Z]ͷ)K5:{jb̚ᮦP\\5Isˈ(=@?yHzpiwpGCWՌ\0\\yFoQLh24%7ښNJZ2`vW],BTdViZR&.ܬϘﭼ)mW9)aHpE9c^$WIPPdR:!7\ri԰kߪIԿeYvGzm\0-4:ROԲ?8Wj\'|Q.}^Z|O6\'UX<Á3zVɌ0sds>zy٩k\'XtR*i$\n>}ߪ o4,j\"fvCI>Rj4:lGMEM\ZOM([T<ZEs\rE\\Usx(QۛˎEW:Ŷ\nKUuO*D15*MjiyRVҮWkǰ+ 9C@#]\r\\9Br#E\']ÚVֺe$I\r{_VC*̪;\ZήXR/\n3g<U5:,es	9\'j{-i3RvOUFA=0yY\'{<x)Ṭ;u<SvNo7|n#i\n<?}!WZjӏuEU]-[,A\0R09o!qmR@J\0dc#ey(4	[ZnbxDO@ƭgpnj-eՁGR;AצIQY)&:YwPcqz.Is5-4FTBVl$ynRtgϲDzGm.Y\'@ѯ]$iCQ8rqUy᥏lzF憃^EGpK߿.\\械A泿U⇠N{JOWG={KqlBPS-<qN	(ĸ\"etV[\07\rITSjcH.ɞ3p^[oxޒX.t_&A/\nnJX:q\Zͦ^K-z5WT4jNryWȝ\\ii*ુ&n29G mک H\np5T::[muuH4q^:)VA9b{mGvq<h3բ#akqpmQTUq%\r\\~x<@ڬnZ+IJ1g/Pژj_=>n6F뒧}a^%t*_,k$O\"xeV=}zj`V\n\" W PژwԣN4obu2vaǏ\'7jhEju:{Eӯ]>])&O\0>L2:~Wp;jrNMJzdN\\8ӀiB:K}K#N//tUKje禎S UfsPI?\05,w{T3;z*c\"i5>lqh\nt1Q{.zQ c`C\rt?U%Rǫ;5$N\n[ӺA;^u`\Zz,1A3)\rlg\\/da2VF ǅ˨:]H:tΙ0{iU*1)*xWYX*CV0EP{M{zOoʹ6ܵm[u%|I,QSEU>}X8uW\nt(+\"N_\\}[}3wu{phN\0WAt7\n\Z:`\rT0rHGp*\\p<LZtDtFPe(ƭ1Q*4=CϟDp/CXk5JJ1 IWWgoUoYk$)_˾m5\nEjJ\"zd&sJHi)h>J{}is?ipOCƌFFFCd`Hw\0*c~vE]i<1&p]pz\'_\rgPB[n,zw4Vʣ.o{f%oѷ[\ne88r\Z(ܭZ\nmjA*JAgQo0ET2\09[W_^ƣBj%ic#R\0\'\0\0\0\0\0\0\0\0\0\0!1\"0 @Aqab\0?\0Dw/0&\0@P}FSt`tDY?TDU^S@!}s>&3Qa\'ϥYZD\r\0g)՞󥡍ųjӟ֚d04nG\0\'7#GcnH\0,\0\0\0\0\0\0\0\0\0!01 A\"#2@Qaq\0?\0F8w`|ػvn^Pb>A֕	\Zja&]f$`\\F>R0.`av5?;Usym\"*EˀB>Fdgձܝ\ZRHtEsqm>*`ޙ\r[e<On.(a;f$@\0YMy@5$Ϡe;\0&	S','g305.php',1),(4,'LOGITECH G213 PRODIGY','Resistente a salpicaduras','Controles multimedia','Zonas de iluminación RGB brillantes',600,'\0JFIF\0\0\0\0\0\0\0Compressed by jpeg-recompress\0\0					\"\"*%%*424DD\\					\"\"*%%*424DD\\\0\0,\"\0\0\0\0\0\0\0\0\0\0\0\0\0\0	\0\0\0\0\0\0\0\0\0\0,\0\0\0g6|S;*2̲Ux\0n0$G_u=*ƹ\0ev$DaX62ɭ?*\0>u\'a>>K-9ٰ4i([\0?5m3+MSK6ͪ^zbn+O2\0\09i_\ZE{rlZ?sw7=\0Omϡ!Z↟^\0:>T?O>D(Km_3z8\0|9NJM:ͨR;U]s\0~wPѧ&$ǙuD+KIZJgsJѾ\0%in!\"s\"{%\0O-]S}Υ\0&Asz%g9Q\0d\0_9qH\'8?`\0ym!FҞ%BZKPv{=u\0>2%	Hicl6`\0\07Ĝg:ng \0\0\0\0\03%5\0\0\0\0\0\0\0\0\0\0\0\0\0\0\0\0\0\0\0\0\0\0:r\0P\"&jDtܸK*\ZubH\rPԘА%l2a\0\0\0?\0\0\0\0\0\0\0\0\0\0\0\0\0\0\0\08+s7\\\r랎NEM\\077|tg\\#]`F,9I$@\n\0\09\0\0\0\0\0!01A\"Qa#2R$@BCDq %34FT\0\0\0\\럝~ʩ22l??\\ϫ5g˖1uAWcPwn>dRju2K$Վ/u#\0.4uU_˻X#GX4>#ϔƟ%z8fi~(6j<UNfcژXgF\"eѝ+Ż~`<\\Wc\')x{?6M>n|Wb \0#J&WĿIY3ޯ_LЎkg|igط6D]Ԣ\n7yi}@؎<$;hw/tbOK[|H3tzi,珓Fzogq[c:&Lm,eUFOn1)=ӍC=רz~56~ڛS?}zשZSkSj}^>:\n*\'	CΜqidgecyMկK36o1\Z?_\"UF~3~XfDnt]ر=݋e[!n)޷RJv }^@],K&1	T(hA27GZ*ϥ,\"[/qF[rADKVq\0O%-gaXb\ZK/9psՈj2ҫVT,(S/d.0hߋ#\n.#HQvRպ\"EX0G0xpsފw}ܬNAEmW\\kyK-N_*plUώ;ԄU2nMZd[A4r	m\'+mw:ZvVR\00Bcne]UA0	)z;wjS6r-,RKcg!S+\rՅ0\0Nl-[OmBTU?&o5Њ^9;o	{7E0҆CXO!6Y.GO ay0j!k¶k##Oxaas3pR>rԎkW2J{5ĉP#\"1)ȭI3Zr,Td=I%(A/suw4S!^3%B%eJ1ʇ3Xd$K<iL|D@ۊ!Vؑţr-S]M`BC<H!n,:\'HϦ*=ausis1\"֗&L+3q21j5GU\\5Ve%DWZNL	E\nHaB%)QLۙ\nv]\";Uo1խP3mֵ~6|PqNV7iLwzGuH5-S-Vck)2;9-M-xJy侎4IXJqֈ\rMΕة/[}*3o.5Z\0zHyCw(N]dI[v\05Qrl,~>q6my$\nۦ- DZcH͞=]V36lKf.A,cjznÆm]`I{W)ZE(bY;\\˖J2XtdN<[ny&j_B%X42;!neL:7FJEOV}kycUZ76kERuC=yL5q\\ϪҌB2c̯$,ۖ^|q9<k8QՋPz\0	Ǣ,,	yjzbYEw42:\"b*,Xv:/[uG8Ds2\Z@E2,kx^_-\nx	x{.1MJ*eCddO3SǢ&#\\\0=m(flMH͢g`.*,(Q3pu#P,#n\'neQ<4U8l?%u!\0chiiZ92XE\\\00in#Rj3\Z&k\'ҨPť	v[^.enbU3chЬY-MWlV5D2U<nP÷iUI kfdةUOTBvU(ۛhg ghYlG621z{BCYY9\nnoJʆ16)iU!p8<f,u#[*x#;$5Ed!(!led>XN9/DiܳqfG$\' [5\'lSF,ILdYQ@M$;xRvJ\"Z1\Z9\"\'NfmU5H|b|:,dMFSa<P2IeIdZ{X ³[#	<@FP@gZf{L{^}\0-M2d`(\"lP4b\\q ؜>	yjʫbpԲTn9WW	2%1f,8ؽ<o$SKxw6;9#qG B;\rnPtOruUZ)^V\n,!C֬t\"qBuZ-=m(f9 j$inD(3tl	Ul5Ѭ⮶6PǸ\"XDA&݊	&PC]tCǊŞ!^p$pfgsTU?Zڿ[$5C)NNd\0*`sQoHc$\r^c#Ŗ1WAP]Ul$5PaN.{f*/ΰ}\ZKb <ďtiA\0X(̱SbTqEͼ1B6>1S\"xKO=w͉K7WG5>#sx\\|ؾϳ2qwr*O(ԭo㖫N2	s,]`9c1wl<:lC\'\"f۫~PI>q+N30BXJ|Zcvy-\rPʉbRTMYleq!;nByN\rK\r%p:J.cLZbL;\nv$0[\n ]b8ljո@`>Wƃ=/\0e/b\\`@GF{,@q9Ypf;(Ĩ`Lǖ9l?k\"\Z:Mkq̫1_\Z+&+rXHռ}+\\q>{d\",ћ&	8KK-\\~G\0{[g)nLb﯎%3pwHeMWB%/-灗ߛ98?gd겜&\0}+yj(V9Orm*FPZ*0`h\0j73V&+YD΋7zۘyGSv#\r<$g,G\0yCc\n6.٣jden;zuڛ#]\r}<>jH<MZUi۩QUo%\0ڋqyڣUn%N*fb]h$W˳\'VL\r`Jzd9wTe$wwK.ڗ\nȒ2)ս-Jro>G{\'Auid\"2a]o}ezLZUO8^P=zlΐxô.r,g{ҀE:+t\Z/J}Z;/Oc\'\'E:,>-{?Zhy	<,8ΙLxNVXJjJQU\n4\'\0ͦ$Ǟ$ڙ)`y=R㲱zXDDz\"`#?>s`\"f`cH8̑F3*z\0Fa\Zaa@Ƹg8˷onyq6Q11|狌x_wD	:\"yn=ZFf+V;˵܇lhM>r(#QOG;b ~!<C+̕6!2ƾ d0㊫UDN\n\0hLƦ	ϴqfxԫהӮH3\0Mְj1t0͇p?[򟑙]̞2no+BFa\nyn\0Rsk9wO\Z)}y+^\\Gx\ZHGR1\Zy8y9N6\'C8UE?~a7%3jU1OWq\Z#{jcÈԏS4Q:O\ZS:<G:}>\0?3;\\|\"W#)i?R5 SDk=s~oynl{}LG\\~MNS:ϼ񩙟#?_]P,(;h7S1{k3vg=KKӌs:ዬ8X?z>7\')pc\rpQxH=N&fom\ZocUCPdQ_x7NQ9,y9)ԧkcƦ#>tSg\\)Qրr\rڻ-~z1N?}^q\r|/uj罰cr3oj\0ar3_\\z~S!13ӫ7xϱPۛ{:?ŝfO+Fߞ4SӭUL)\\2P5E>Ѫ;~O3\0O_af\0LV;~G.@\'/%^BGxk(qKN>p`[#~\\gPvSje\\Ԫ,Kyř	8I^T\\G6\ZzuXD35<?tz˯dC\08ݝҤ!\0\0>\0	\0\0\0\0\0!1AQ\"a02q#@BRb crs\0\0?\0R~aawt&/(U]˱fVkM̊7Qҝ,7}&\0e?Sz=FarNRꮏ4׸V#mRzBAI\ZL+Wh<\'mGjGi5#*d(otZݷ| GVo\0.y5\rB#Ip1zDVo/o)ѕ.J%>\0.-d3);8εvm=_M3וi.(6Ɓx]Yi(`%8+kcc2mE0Ȋ\Z\nۼ!>j	;e6[YFR勪N2R\n\"Jr\\}|T-0qnSCLuALn7tmˁp6X&g`LӾKDEMu2pH+6ګgr˲܅7d,{\Z\"bOu=q0G2[Wi<Jm>갭\0I\0:@t4-v?x+]KE\"xN8jJnżAߖ_V,ĉq5ȲTY?=Hn\\n\r-Ⱥ{ ]{\n-rV4.\0bU9z>S	 $A*Y3 *&3*	WD[C\roGa*)o*>mF6ޛPG\r5 Ky@,23zqwtT=G:1\"\"4[\"n2Oޙ\\@3q##Cg;0\r&MMŌw-ԶCF]( O]T2+	%y5VKy\"\0P\"lEjs6L1|{جɍJ%UU7BmȧEW9bJvTjf8&DKeMgrT=\"+Aw?8bvbF7IX0.+ xCbg`YSaLBns Sw6$:Qp(B2чT\n];ȃHcg.P7v|90`$bwmˁ\"Pir\'wǁGA\'jmEKnvV-;Uw/SVי7<\0\0XX\0//5%mPW6ʀ$)	()H O^t-D&iFDl`M^ٽ\00\r5ݲ%o29?w-@;|E3#fn\r@+ޜ;r	mK7;P#?fb@\"Í8*Fpl0+h=\0H#HA,`@\'754;Vl|]Wt0G<hi;q}(W;	p jrԲ1U4[ӠXR_/zvu\'zQ{\Zc꿅JzdAbqaYj/ G.f:erX	9\Z8]v71].#@\'8X4#~*F٦X@f vI*\0NTfa#\nDDIŀyEq#b&6\"#j\0_RRr9p2mْ1&	\',6TG7I{49bLT#@i\"oSԨm;#λ-ѧnTT\\9*@np,lPiV6(W\nDyO\nun]UeS])q#e\ndƯEb	!)wğZP2;A,æ Fhʡ4O1NNA #F(\02UBz\n%Y#!\"H`,f(55EuE{G012nSp[BU7et[5tB~=O۲}h\0k\'ډmd A&xw\'mQw$pTPS8$T[g琢ЉŠlAږ5f)ֵ}eJ=٧R-Q[)nX!măX[Bۃ-hAhB\0q<uTlOzׄҴ=hWR´b}Ȟ*+07mxiHmǺ3B\'1x\Z&؏)B~#ZVߓJΝpS5ɯ*<j,Zf@WV2@(eU2\"xN 3*a\\zb8+ȧW@b@|M4T\'6d \0mɎ3Pd֚b:VFʎyn6baWbLEIznv@ެq08$svu)\rܙ\" \'Dk7,iuIE1~Z.Ŏ]MJvk~I}.\"2_R܇E\0\0߸\ZtmTb}Ǝ/Iˀ8Sƅ4pS-0(c*.\ZK- )`pMf\0QJϰcf`n\"\0\n7(V&tي5&pK?I>7,H1j[>4uwzUsB\04fXְ[CPXVUE@\0I\0H\0+-I\nTZ4!]ƂSEI\ZOS᭰}OV]{G\'$+o?%j֗\03j$YW6uXV.\0L(c$,Lw\'C3\0bz\0jףoŔ\n_iޯkZZ=nՄ鼑W+xRiơ7r>կ:&?kMf\0Z\rKku{?3kQ+EIvΘԕj/|F`Sh\\oV--<\0P>qf3~ˋVЏδz6n¥k/^\0#}(Q|\0+\0\0\0\0\0\0\0\0\0! \"102qAQ@ab\0?\0t6/b1F#x*tiZѷ(I-f<}\Z~f+4 l\Z*O(B@-\r3Y;\Z*\r\0\r@\"s51v7ٽotNh珊\0 }X:+4n1e/}ΠBs#Fئrus?#v\Z\\[T_m!+\\εO	+oej6|bQ~E\00\0\0\0\0\0\0\0!1\"AQ2 #aq0@BR\0?\0|\'< mΡIM`|5x\ZoP|T?Dx!/#8[1-l7Ev훥^`o*&)sڒk؝m.Z9148,\\dVb\rF{r@iR7HMYAt3i>Q-W=Bg:PҤH?\ZQ#_ܪ3&!*H$\r\\1M}ӱ-3FSÑmzt4u6؁#F/,}#=^(߅ܧf\"=ZVg,N\'cY΂6\0JVМ7hsXDQ,-sG|hƒb A{ETfȓN.s	,#P{_=Zz⡺2\0R%H1X(DC ?Г1iIkzA	}+BÎ,5p\\y&0 3*ւq)t%mjLY@u2B$/7Gco~ԫi\rb4߽ qLC4Q6tRjtRr2(ղ̀`NH1>2HȥJdf?N(`r#Ҿ*i͢]\\	>l*%H]NcuQ8EJh\nLʯ31?\0~W_O۸-WY3vF1{~,mI/bX;?J<BH}<ԏ5\0IY5\'\0','g213.php',1),(5,'LOGITECH G300S','Diseño ambidiestro','Memoria integrada para 3 perfiles','9 botones programables',200,'\0JFIF\0\0\0\0\0\0\0Compressed by jpeg-recompress\0\0					\"\"*%%*424DD\\					\"\"*%%*424DD\\\0\0,\"\0\0\0\0\0\0\0\0\0\0\0\0\0\0	\0\0\0\0\0\0nMp\0\0\07Oᐽg\0\0\0;s\0\0\0\r*\'=l\0\0\0XlTCf}m\0\0gkdv\0>:F\0\0\09d-`\0\0\0疏T/oNɀ\0\0sQxvk\0\0\0i/:[\0\0B;WS=ͦ\0\0\009]RY \0\0TNY8\Z˛_\0\0\0 ɾ^`nFΝ\0\0\0TR=-c/\0\0\0?ۭZw2\0\0\0kWߗuk\0\0\0{Olݷ\0\0\0\0\0\0\0\0\0\0\0\0\0\0\0\0\0\0\0\0\0\0\0\0\0\0\0\0\0\0\0\0\0\0\00\0\0\0urӜ\0m@\0\0\0\0\0\0\0\0\0\0\0\0\0\0\0\0\0\0\0\0\0\0\0\0\0\0\0\0\0\0\0\0\0@\0z1\0\0\0\0\0\0\0A\0\0\0\0\0!1A@Qq\"bar#3PBR$2V\0\0?\0/o0|AnO\r|FjԠrG/KMm\rŀoWrT_f?ȷ߉3Ú\",Z\Z2v#V<\rn${3iVYH\0P5~&D}厵rXI\'AQV 1\'uFxq;v)h%bdpz9_E7.O`أquߌWX$U*$Cq95?eXqdP=|vr8,:lb3Eb(T<r#VVAl\rݗ̏T=]&yE=29۟w6G\'j͘YiO HWPj\\te(\0mPm([xl?w?1K+\rۛcn̈́U.B3γr뎄w*[By]I sCuz}G|Jil5p֑pdB`|>;N7\'{CE=u5.*)47G9$OZ$ԭ˝mNo1,QU`Fz\Zjb%Y{aFvRO-۲۴#Gu%W\n218w{ufun!>WN9h9:9~-sMNIl`LL\'ͻs._lǔDguɼM3[$*Wsxw\0ܬ*fB\\|\0Pkn\Zɕ\06եd1ʤ<o.[s54I6JKHb^%A:rSS[O(\0H׵s*=b)ήʞ=ΆFi0p⼎Z4|TNꁕv$mKi_\0\'>]m_`H\0uV%vi\"gRzLlk`$Io?GNwe>n\"^~4S5e#y&DN=Ձ\'ۍY=Xh5Z}zTk,,22E?Ie*UY#CC.<H&RsGaۃ7v6y%~$l̩Өk^B}nd)ߌlB{[%k5xO/+{463	\\T<|vPݞG,,JbJJP<1nիs9}ӳ!wgosr)<5K_cpG\rG<G\r7Q%V6I(Vz=n]}NnX?Ξ|v`i|,SJe_pARkس$FDV$0H==t_VS{Rj14buFtiTUHP~UڻA\'\0&G|\Z Yr69XE<G!\0,d;9y`9ҵjQ`%PT_oR&z۸MA~VGrSF<F>JJbg<,qD\ro͝ߐHc%OxHc\ZƷ*3 UWBZ!\0JyIGSѤr4qK\'>xmx܎EQH>tkovy3{ܿ\0h9Ks6&6	y2?&/$y:.E<鰠讂:ugVLiOk\\mʎ2yo}~\0-ܯumVɲ&]]_9S|0:<b#chhe )vRjPxt#wweDD@n?ryjl~\nBcv\\#UBNWKuj$=ő>]%E>bXXdg0XCoe(ҏ׮ʀr-l9;f\0?=?:sBzu<tV%f8<W꼞d\"PԴ>0yېMPsٱWZaVe>_p50CGT)=l췆7ٴ\'D/i0\\ݿIxaM{S\'<k d=M둴<˓_F#ϸ$vf\'<;#qLH~_Sxo>\n}Ŏq;܉p!<O^ܭݷGk!kYR$~5H	XKP:\0~jbD;c%5SxB{(Oۓ^ZH2X1d*LIokplOu*uQZK\0@\0I:/Áះ%Q죏{Sz0|~aOٹa<vkq(TӶ37p嶾dӘfOU>}k+*+?2~,	$\'yP:\ZN\\o2a`uϷOd?\08\004CWvЈ6۲:s+{G%NSӯKAv#E;4&4}1w䟹AuK#w=veY=C?OӧSjuaH 	QF:UG`\0\0 #-!sv%+_!XA#Y3}RZY*k\'\0-\0\0o_P-^ڕ5>vFޞCy,n1Wy	wjթW:^8G\Z(*\0\0,\0\r\0\0\0\0\0\0\0\0\00\0!BQ #APR`cq\0?\0l<,0\"}#\"\rY\"sWO%AI9J&#l3֣,F%5*C)j˱x\0,\0\0\0	\0\0\0\0\0\0\0\0\001 AqBPQ`r\0?\0_P,@ʨ)|F4JzN㨲l\r	O^ +AZǤv\nڇg?j{U25c\',\0Uudp\n ф\"%4\n:\0=','g300s.php',1),(8,'Prueba','Teclado','Mouse','Post',123,'\0JFIF\0\0\0\0\0\0\0Compressed by jpeg-recompress\0\0					\"\"*%%*424DD\\					\"\"*%%*424DD\\\0\0,\"\0\0\0\0\0\0\0\0\0\0\0\0\0\0	\0\0\0\0\0\0\0\0\0\0,\0\0\0g6|S;*2̲Ux\0n0$G_u=*ƹ\0ev$DaX62ɭ?*\0>u\'a>>K-9ٰ4i([\0?5m3+MSK6ͪ^zbn+O2\0\09i_\ZE{rlZ?sw7=\0Omϡ!Z↟^\0:>T?O>D(Km_3z8\0|9NJM:ͨR;U]s\0~wPѧ&$ǙuD+KIZJgsJѾ\0%in!\"s\"{%\0O-]S}Υ\0&Asz%g9Q\0d\0_9qH\'8?`\0ym!FҞ%BZKPv{=u\0>2%	Hicl6`\0\07Ĝg:ng \0\0\0\0\03%5\0\0\0\0\0\0\0\0\0\0\0\0\0\0\0\0\0\0\0\0\0\0:r\0P\"&jDtܸK*\ZubH\rPԘА%l2a\0\0\0?\0\0\0\0\0\0\0\0\0\0\0\0\0\0\0\08+s7\\\r랎NEM\\077|tg\\#]`F,9I$@\n\0\09\0\0\0\0\0!01A\"Qa#2R$@BCDq %34FT\0\0\0\\럝~ʩ22l??\\ϫ5g˖1uAWcPwn>dRju2K$Վ/u#\0.4uU_˻X#GX4>#ϔƟ%z8fi~(6j<UNfcژXgF\"eѝ+Ż~`<\\Wc\')x{?6M>n|Wb \0#J&WĿIY3ޯ_LЎkg|igط6D]Ԣ\n7yi}@؎<$;hw/tbOK[|H3tzi,珓Fzogq[c:&Lm,eUFOn1)=ӍC=רz~56~ڛS?}zשZSkSj}^>:\n*\'	CΜqidgecyMկK36o1\Z?_\"UF~3~XfDnt]ر=݋e[!n)޷RJv }^@],K&1	T(hA27GZ*ϥ,\"[/qF[rADKVq\0O%-gaXb\ZK/9psՈj2ҫVT,(S/d.0hߋ#\n.#HQvRպ\"EX0G0xpsފw}ܬNAEmW\\kyK-N_*plUώ;ԄU2nMZd[A4r	m\'+mw:ZvVR\00Bcne]UA0	)z;wjS6r-,RKcg!S+\rՅ0\0Nl-[OmBTU?&o5Њ^9;o	{7E0҆CXO!6Y.GO ay0j!k¶k##Oxaas3pR>rԎkW2J{5ĉP#\"1)ȭI3Zr,Td=I%(A/suw4S!^3%B%eJ1ʇ3Xd$K<iL|D@ۊ!Vؑţr-S]M`BC<H!n,:\'HϦ*=ausis1\"֗&L+3q21j5GU\\5Ve%DWZNL	E\nHaB%)QLۙ\nv]\";Uo1խP3mֵ~6|PqNV7iLwzGuH5-S-Vck)2;9-M-xJy侎4IXJqֈ\rMΕة/[}*3o.5Z\0zHyCw(N]dI[v\05Qrl,~>q6my$\nۦ- DZcH͞=]V36lKf.A,cjznÆm]`I{W)ZE(bY;\\˖J2XtdN<[ny&j_B%X42;!neL:7FJEOV}kycUZ76kERuC=yL5q\\ϪҌB2c̯$,ۖ^|q9<k8QՋPz\0	Ǣ,,	yjzbYEw42:\"b*,Xv:/[uG8Ds2\Z@E2,kx^_-\nx	x{.1MJ*eCddO3SǢ&#\\\0=m(flMH͢g`.*,(Q3pu#P,#n\'neQ<4U8l?%u!\0chiiZ92XE\\\00in#Rj3\Z&k\'ҨPť	v[^.enbU3chЬY-MWlV5D2U<nP÷iUI kfdةUOTBvU(ۛhg ghYlG621z{BCYY9\nnoJʆ16)iU!p8<f,u#[*x#;$5Ed!(!led>XN9/DiܳqfG$\' [5\'lSF,ILdYQ@M$;xRvJ\"Z1\Z9\"\'NfmU5H|b|:,dMFSa<P2IeIdZ{X ³[#	<@FP@gZf{L{^}\0-M2d`(\"lP4b\\q ؜>	yjʫbpԲTn9WW	2%1f,8ؽ<o$SKxw6;9#qG B;\rnPtOruUZ)^V\n,!C֬t\"qBuZ-=m(f9 j$inD(3tl	Ul5Ѭ⮶6PǸ\"XDA&݊	&PC]tCǊŞ!^p$pfgsTU?Zڿ[$5C)NNd\0*`sQoHc$\r^c#Ŗ1WAP]Ul$5PaN.{f*/ΰ}\ZKb <ďtiA\0X(̱SbTqEͼ1B6>1S\"xKO=w͉K7WG5>#sx\\|ؾϳ2qwr*O(ԭo㖫N2	s,]`9c1wl<:lC\'\"f۫~PI>q+N30BXJ|Zcvy-\rPʉbRTMYleq!;nByN\rK\r%p:J.cLZbL;\nv$0[\n ]b8ljո@`>Wƃ=/\0e/b\\`@GF{,@q9Ypf;(Ĩ`Lǖ9l?k\"\Z:Mkq̫1_\Z+&+rXHռ}+\\q>{d\",ћ&	8KK-\\~G\0{[g)nLb﯎%3pwHeMWB%/-灗ߛ98?gd겜&\0}+yj(V9Orm*FPZ*0`h\0j73V&+YD΋7zۘyGSv#\r<$g,G\0yCc\n6.٣jden;zuڛ#]\r}<>jH<MZUi۩QUo%\0ڋqyڣUn%N*fb]h$W˳\'VL\r`Jzd9wTe$wwK.ڗ\nȒ2)ս-Jro>G{\'Auid\"2a]o}ezLZUO8^P=zlΐxô.r,g{ҀE:+t\Z/J}Z;/Oc\'\'E:,>-{?Zhy	<,8ΙLxNVXJjJQU\n4\'\0ͦ$Ǟ$ڙ)`y=R㲱zXDDz\"`#?>s`\"f`cH8̑F3*z\0Fa\Zaa@Ƹg8˷onyq6Q11|狌x_wD	:\"yn=ZFf+V;˵܇lhM>r(#QOG;b ~!<C+̕6!2ƾ d0㊫UDN\n\0hLƦ	ϴqfxԫהӮH3\0Mְj1t0͇p?[򟑙]̞2no+BFa\nyn\0Rsk9wO\Z)}y+^\\Gx\ZHGR1\Zy8y9N6\'C8UE?~a7%3jU1OWq\Z#{jcÈԏS4Q:O\ZS:<G:}>\0?3;\\|\"W#)i?R5 SDk=s~oynl{}LG\\~MNS:ϼ񩙟#?_]P,(;h7S1{k3vg=KKӌs:ዬ8X?z>7\')pc\rpQxH=N&fom\ZocUCPdQ_x7NQ9,y9)ԧkcƦ#>tSg\\)Qրr\rڻ-~z1N?}^q\r|/uj罰cr3oj\0ar3_\\z~S!13ӫ7xϱPۛ{:?ŝfO+Fߞ4SӭUL)\\2P5E>Ѫ;~O3\0O_af\0LV;~G.@\'/%^BGxk(qKN>p`[#~\\gPvSje\\Ԫ,Kyř	8I^T\\G6\ZzuXD35<?tz˯dC\08ݝҤ!\0\0>\0	\0\0\0\0\0!1AQ\"a02q#@BRb crs\0\0?\0R~aawt&/(U]˱fVkM̊7Qҝ,7}&\0e?Sz=FarNRꮏ4׸V#mRzBAI\ZL+Wh<\'mGjGi5#*d(otZݷ| GVo\0.y5\rB#Ip1zDVo/o)ѕ.J%>\0.-d3);8εvm=_M3וi.(6Ɓx]Yi(`%8+kcc2mE0Ȋ\Z\nۼ!>j	;e6[YFR勪N2R\n\"Jr\\}|T-0qnSCLuALn7tmˁp6X&g`LӾKDEMu2pH+6ګgr˲܅7d,{\Z\"bOu=q0G2[Wi<Jm>갭\0I\0:@t4-v?x+]KE\"xN8jJnżAߖ_V,ĉq5ȲTY?=Hn\\n\r-Ⱥ{ ]{\n-rV4.\0bU9z>S	 $A*Y3 *&3*	WD[C\roGa*)o*>mF6ޛPG\r5 Ky@,23zqwtT=G:1\"\"4[\"n2Oޙ\\@3q##Cg;0\r&MMŌw-ԶCF]( O]T2+	%y5VKy\"\0P\"lEjs6L1|{جɍJ%UU7BmȧEW9bJvTjf8&DKeMgrT=\"+Aw?8bvbF7IX0.+ xCbg`YSaLBns Sw6$:Qp(B2чT\n];ȃHcg.P7v|90`$bwmˁ\"Pir\'wǁGA\'jmEKnvV-;Uw/SVי7<\0\0XX\0//5%mPW6ʀ$)	()H O^t-D&iFDl`M^ٽ\00\r5ݲ%o29?w-@;|E3#fn\r@+ޜ;r	mK7;P#?fb@\"Í8*Fpl0+h=\0H#HA,`@\'754;Vl|]Wt0G<hi;q}(W;	p jrԲ1U4[ӠXR_/zvu\'zQ{\Zc꿅JzdAbqaYj/ G.f:erX	9\Z8]v71].#@\'8X4#~*F٦X@f vI*\0NTfa#\nDDIŀyEq#b&6\"#j\0_RRr9p2mْ1&	\',6TG7I{49bLT#@i\"oSԨm;#λ-ѧnTT\\9*@np,lPiV6(W\nDyO\nun]UeS])q#e\ndƯEb	!)wğZP2;A,æ Fhʡ4O1NNA #F(\02UBz\n%Y#!\"H`,f(55EuE{G012nSp[BU7et[5tB~=O۲}h\0k\'ډmd A&xw\'mQw$pTPS8$T[g琢ЉŠlAږ5f)ֵ}eJ=٧R-Q[)nX!măX[Bۃ-hAhB\0q<uTlOzׄҴ=hWR´b}Ȟ*+07mxiHmǺ3B\'1x\Z&؏)B~#ZVߓJΝpS5ɯ*<j,Zf@WV2@(eU2\"xN 3*a\\zb8+ȧW@b@|M4T\'6d \0mɎ3Pd֚b:VFʎyn6baWbLEIznv@ެq08$svu)\rܙ\" \'Dk7,iuIE1~Z.Ŏ]MJvk~I}.\"2_R܇E\0\0߸\ZtmTb}Ǝ/Iˀ8Sƅ4pS-0(c*.\ZK- )`pMf\0QJϰcf`n\"\0\n7(V&tي5&pK?I>7,H1j[>4uwzUsB\04fXְ[CPXVUE@\0I\0H\0+-I\nTZ4!]ƂSEI\ZOS᭰}OV]{G\'$+o?%j֗\03j$YW6uXV.\0L(c$,Lw\'C3\0bz\0jףoŔ\n_iޯkZZ=nՄ鼑W+xRiơ7r>կ:&?kMf\0Z\rKku{?3kQ+EIvΘԕj/|F`Sh\\oV--<\0P>qf3~ˋVЏδz6n¥k/^\0#}(Q|\0+\0\0\0\0\0\0\0\0\0! \"102qAQ@ab\0?\0t6/b1F#x*tiZѷ(I-f<}\Z~f+4 l\Z*O(B@-\r3Y;\Z*\r\0\r@\"s51v7ٽotNh珊\0 }X:+4n1e/}ΠBs#Fئrus?#v\Z\\[T_m!+\\εO	+oej6|bQ~E\00\0\0\0\0\0\0\0!1\"AQ2 #aq0@BR\0?\0|\'< mΡIM`|5x\ZoP|T?Dx!/#8[1-l7Ev훥^`o*&)sڒk؝m.Z9148,\\dVb\rF{r@iR7HMYAt3i>Q-W=Bg:PҤH?\ZQ#_ܪ3&!*H$\r\\1M}ӱ-3FSÑmzt4u6؁#F/,}#=^(߅ܧf\"=ZVg,N\'cY΂6\0JVМ7hsXDQ,-sG|hƒb A{ETfȓN.s	,#P{_=Zz⡺2\0R%H1X(DC ?Г1iIkzA	}+BÎ,5p\\y&0 3*ւq)t%mjLY@u2B$/7Gco~ԫi\rb4߽ qLC4Q6tRjtRr2(ղ̀`NH1>2HȥJdf?N(`r#Ҿ*i͢]\\	>l*%H]NcuQ8EJh\nLʯ31?\0~W_O۸-WY3vF1{~,mI/bX;?J<BH}<ԏ5\0IY5\'\0','g300s.php',0);
/*!40000 ALTER TABLE `mouse_teclados` ENABLE KEYS */;
UNLOCK TABLES;

--
-- Table structure for table `opinions`
--

DROP TABLE IF EXISTS `opinions`;
/*!40101 SET @saved_cs_client     = @@character_set_client */;
/*!40101 SET character_set_client = utf8 */;
CREATE TABLE `opinions` (
  `id` int(11) NOT NULL AUTO_INCREMENT,
  `text` varchar(255) NOT NULL,
  `active` tinyint(4) NOT NULL,
  `name` varchar(255) NOT NULL,
  PRIMARY KEY (`id`)
) ENGINE=InnoDB AUTO_INCREMENT=12 DEFAULT CHARSET=utf8mb4;
/*!40101 SET character_set_client = @saved_cs_client */;

--
-- Dumping data for table `opinions`
--

LOCK TABLES `opinions` WRITE;
/*!40000 ALTER TABLE `opinions` DISABLE KEYS */;
INSERT INTO `opinions` VALUES (5,'La página me encanta, tiene todos los productos que necesito!!!',1,'Anya'),(6,'Contiene monas chinas la página, es justo lo que necesitaba!',1,'AlanstarPro'),(7,'',0,'AlanstarPro'),(8,'Excelente servicio!!!',1,'Josue'),(9,'Hola',0,'AlanstarPro'),(10,'',0,'AlanstarPro'),(11,'Hola',0,'AlanstarPro');
/*!40000 ALTER TABLE `opinions` ENABLE KEYS */;
UNLOCK TABLES;

--
-- Table structure for table `payments`
--

DROP TABLE IF EXISTS `payments`;
/*!40101 SET @saved_cs_client     = @@character_set_client */;
/*!40101 SET character_set_client = utf8 */;
CREATE TABLE `payments` (
  `id` int(11) NOT NULL AUTO_INCREMENT,
  `name` varchar(255) NOT NULL,
  `lastname` varchar(255) NOT NULL,
  `address` varchar(255) NOT NULL,
  `state` varchar(255) NOT NULL,
  `city` varchar(255) NOT NULL,
  `zipcode` int(11) NOT NULL,
  `cardnumber` int(111) NOT NULL,
  `cardname` varchar(255) NOT NULL,
  `expire` varchar(255) NOT NULL,
  `cvv` int(11) NOT NULL,
  `user_id` int(11) NOT NULL,
  PRIMARY KEY (`id`),
  KEY `FK_payments_users` (`user_id`),
  CONSTRAINT `FK_payments_users` FOREIGN KEY (`user_id`) REFERENCES `users` (`id`) ON UPDATE CASCADE
) ENGINE=InnoDB AUTO_INCREMENT=7 DEFAULT CHARSET=utf8mb4;
/*!40101 SET character_set_client = @saved_cs_client */;

--
-- Dumping data for table `payments`
--

LOCK TABLES `payments` WRITE;
/*!40000 ALTER TABLE `payments` DISABLE KEYS */;
INSERT INTO `payments` VALUES (1,'ALAN EDGARDO','SANDOVAL','PAPIROS 132','S.L.P.','SAN LUIS POTOSI',78399,2147483647,'Alan Hernandez','11/11',777,2),(6,'Josue','Sanchez','Salvador Nava #112','San Luis Potosi','San Luis Potosi',78350,123456789,'JOSUE SANCHEZ','12/11',789,4);
/*!40000 ALTER TABLE `payments` ENABLE KEYS */;
UNLOCK TABLES;

--
-- Table structure for table `photocards`
--

DROP TABLE IF EXISTS `photocards`;
/*!40101 SET @saved_cs_client     = @@character_set_client */;
/*!40101 SET character_set_client = utf8 */;
CREATE TABLE `photocards` (
  `id` int(11) NOT NULL AUTO_INCREMENT,
  `titulo` varchar(255) NOT NULL,
  `feature1` varchar(255) NOT NULL,
  `feature2` varchar(255) NOT NULL,
  `feature3` varchar(255) NOT NULL,
  `price` int(11) NOT NULL,
  `image` longblob NOT NULL,
  `href` varchar(255) NOT NULL,
  `active` tinyint(4) NOT NULL,
  PRIMARY KEY (`id`)
) ENGINE=InnoDB AUTO_INCREMENT=10 DEFAULT CHARSET=utf8mb4;
/*!40101 SET character_set_client = @saved_cs_client */;

--
-- Dumping data for table `photocards`
--

LOCK TABLES `photocards` WRITE;
/*!40000 ALTER TABLE `photocards` DISABLE KEYS */;
INSERT INTO `photocards` VALUES (2,'MOONBYUL PHOTOCARD','55 x 85 mm','Importado de corea del sur','100% original',150,'\0JFIF\0\0\0\0\0\0\0Compressed by jpeg-recompress\0\0					\"\"*%%*424DD\\					\"\"*%%*424DD\\\0\0,\"\0\0\0\0\0\0\0\0\0\0\0\0\0\0	\0\0\0\0\0[,C:J2畫25ꋶb\Zz\nJdas֚*,>%zC-mb9痧c\'y!rz\ZxOXVTU9k%Vb53i2L女^$6زw\r5!MԢ\nτ17ztkn>\0Q\Z`g~&e^K1=Dsֆl@)(1vLP\Z]Nd\'Nf*Kْ(ybJuŁ;ϴ*19~T՜bF\r+bA:1n0>9</Q<ƤS9_zyA&n_T9\"yF.Q r,fqOcZIuJ\0ME,\'^# =2(5r \"́D\ZVk8n]1UK\0O\"Ya(aL{eONZGL9+	?	c1\0zj#_jgr߹	|esR\Zφ_W\'cA\Z?q03}l_M YMH/$ko`\ZOm}b(wWJ&Ʊ_!g03rdo/h_\0\0\0\0\0\0\0\0\0\0\0\0\0\0\0\0\0n\'k̔QSnS!4%\rb嵭{Ģ&sB#7AsʧBJBUq V׏+IM@hМe(Ϫ̑Nq\Z/0)7\0\0\0\0\0\0\0\0\0\0\0\0\0\0\0\0\0qY[qF͍ٛɾ8ѳc|mQ82ͪVmޱ.Ux\\;TO5|wt)30u9BS綝7X>FaƶSIXP\'kg/\02\0\0\0\0\0!1\"A#$24Q%&3B5Ra\0\0\0}FXMBf[%~ L\0Y#`jimh}A+:Yٴ9T;%SVsxLNM9jhJ\ZY#қeԬf!EHʲ0g:9c\05jJ=JJGx]$;8}$ژ\0\ZƄZ#C)Ɩ300S<:2|^>i,a\nT~3ꓝ8<r2E7J(%HBMMp(\\Nď:Ւ2g:A\'$耦cF}:9.g=Ģ^3KvVܽڜzۺWoznqإGrh\0sku{Z;sSԮp\\JŻpHPRA69\0j>=h?0sqcI#Z!)yX\\h>t]XBXfNqIR59_0FGvN\'|6+?)W }UȚ+/{VGDePHv#h Oa>M$yz;\n\r~ۯs\0ր\0渝`\0(CЗ}+dJC-xPT6G-K8p`V6rQl*v/3Zp30)1 KB;hO,|z2Bd8P׌sy\\9\Z=lc@r[\0ܧ-\0ڐT3<S	_\r$gM()2Ly< $L32%l\n<+:I/,7u+#?!<$䉂31%A)N)g9;1ń:ڒdlيbu,ulXoz9=:L#`EI\0;\08@Ϫz^u\'@}V*	JOOtӓ+f 0`9ŧh>lU(\0?IeԷޥG:VQ~ƂHHur\r+̥8$f8I.xᶳ?Ri.&UV$K	I(zH]@\0kkڤcoT#b˒P3`L\05ѬΧU,)MB*6-Hot`jOjEI#@e\0Q(JpK 鴆lE#Y	e\"D&&8,r i#YV3`L#g4q:9nKI?\ZJ:ԝmKKޖ-wdg1v&Xj*Ya)\nI\nH#^<Cg\"ֱݪ^،/\"Z֢MsT-,1iJ aC:e#5#RR\Zcz58M\0-`8$;0(K#Ԓҁ:3\ZNiJU!\0kS/bٓ, ٫:c	.ESCM`s4##L,A#O\0:	ӱ:L:΃($?\nVu|Uɖ6MkהCwP*mMҞGSFHm#S#Py%jޥ${:qҐb\Z\'9RD\Z=b:A):5!\nI )=dgbtgԴNDǯ$圛&s@C_,S\'9Ԭg(p;#*RlmY6;,h4^lz|U-i\";zB\0jb[5vL3!nkB_`,`Xi8y[r;e8	~~CAo7ubsp%Ds0*NVЂ:],TX2q#Sj\"{\'GҢF\n\\uWgxe#8բh=y*=6SU,ej(@jj?BPD8ˡS\0i*&jwRXmiٶ0Lc1ߢ\\{, rl%$\0&\0ZFx?H#\r\'b\rwϝvǐGrsNJ뾦U65U&ēԖӕ\'MeS`~Ӊ+1=&J\'T&<A!1RH\\=)}݊2\"߱<R3tGi3jڱjFZq<3>Is{r]5Aha5PvȒѨ1;uRI$mMiߚcvGX,k}Z0.DZ}^	B	 xd~N\n+jFT\'1,p\'Bպ̄S66~ \03lCf9	0p\Z+r\"Js\"nY7}N4|jjƘN da(OUrܨԒI$}z̒DK݌b~j-MRa[XU_-̯żeq6L\\>䤓g:ل<Rnj0\0Ybly!Tۻ+rL>ly[HZ/e-Zr_\Z,+U<*iiBIG )?S]uJ~a0cJ? gU!Uޥ\0&+\Z:5b/nD注L̔(3c[5(kPNu9\n[RD)KĔLIO+7{ΩfA~Y(|8\ncq;>¯1lJ}1WkC5.\\1&KqD)2@xږnXoғA)^<n7:kGEee7!\'<Yn)IY95*zq-P%J{p~B17u$L[mIʰ \nn;YɗseMgVP1kfƭ\0\\)eq\0Vګ9vb\\Q*$VBG╭&U=\rS`N{op%Y3X:]K*.1w3Dn˷%\0Sy4(X(%XnjvRx(R2wyDX[_cr{ZZW]WTϥ_d\'I<Ma]?edڿT\r\ZB<VRGr\0I\rzxY@3zf@@fWkTW)-G)4ZaêТŞ~b{6WW/\0ՄW%##lJcl1;XсlX`}L5<b	kN\\FӹjV]WW9W[w%[/sR\0?u^ngV\'ͬ5-	VxZ\rQLSZ\\oM7Zd̚\'G>W.on3*nZR\\\\K\n	VM5`+R\'~w))M}ӤTY*ay%ʂUKN\'YFEÒpӤ9̘8xRX6+PWUǔ\'U$(cJ]6,${ʵJgIԁ̶05(@3\n@1Fn$(SUm8xn)q{Y\\bbm%/#4{AXo;${v_-iK\'iPac2Ɵ;oYZJ#\ZۻPsy~KW6۾%RݟmȵI=L\0H@TT/eǏJ$(l,c\n@:*%~ڵfc^3;ΩepI!u\\qXvuή\0-E|gvF>ix<pU}/z~5G9f}=她~p\\]\n\"VDزUƤŭbF\r.==b)Şh5ͺ\r\"JZ$ TlMHJXx&^c!(h~->\'!:]X\\\Z\0@۪#9V))I9}\\D9$*+j=kxE\0Hq9p+%QE.`V#PeRdRSNY#PW*^q$1\Zt#ۑޥ/\rŐ?C:Dٛ.s;w\\͹\nUus-\neN.´CO񗑤lD$.FwuC{nM3.DZ͹wpJ;y^V1J2F7h:1Jy?\\t\0l]f3!@0QJpB{d&3YPf㈈%\0:HK\ZƢ)`f\':h)H`(QQJ@f9%8 @N[aD`y\'O)Lqg ~V>kց_zǱ)UD&\'\n5Z]XjMg޴*jxR۟L;eN/[lwԳ,|ym7\Z\"q2tbqWst$L(\ZFEl$ķ{\rDGDcq%{K*%}V$iʇR	+B4eXFNmrzc&.Swqՙz8\'PSP\"4VK\0cO-:\'FUzJj5¬2\rXu_f4I?TZN:}$fl6^6Adj\'zi̯h6Ϋ!\ZI;l\r2T$iKgzX+zx?S+Y9uQ5+q1HZƭW2 NJbc5\'%%I\0\'#_\0D\0\0\0\0\0!q1AQa\"#2br3B$R c4Cdst\0\0\r?\0\Zcx\"ОXؼ{B5dfg\\+Bz\ZL\06$m?\r3qP63AsT;0w\0H0:ـBq($~\\|S3mTu\r/\0N`c>y?ɀi<\"clR\"E-oB^޾1fno\r0iS|E\'`N>,<:ȃCxh-$:|13ǚ?ΏxxtcQTn4)\0qyA(N\04#\0F\reM.j56};|`.D د7TG%Y\'`k8%\"-(G5|r 4~ M(33ڸ\00CQ_RHcĨ\"\noE}HlM736Z5Zf-CXt5J:+F0}\0$;q́\\{{m2+\'\nӯv!=;AEt;\ngN`~HRfL10`G6\\b\nj\0Y@\"l.b`M1dMDjj0{;>f`ӡ=kMY\\17Dz3N9{rnnu9\'jH4@0DӠ=R\0e^S^{\'9}sc0\nHz~VO`X3qY[\"k\0kAjbMv-k4yYA^f6xX*R T8ٿ#f\0\'PZ9C|4?al)櫃~)\0cu\0@;XM{8\"G.\rAMN-u,F[HreA!̳Iq>ЛzP\Z|!`=TΆ?pβn<n\n.!\0NY<DU>5zs[&q@çz.cj>NC/?1<֨4<چ>~\Z;ψ$Y\0D;êo\'+	ֹ3EkqɷPs9\0smlg\0B0A&%p\n&Q4Z6>=brI\"\0\\b	m9}4T~V0 Xu\Z31hx\"\r=GGq4\0#9)j6=\'?jRn4<ã\ZgEU`z\"xfjěݳrP[vJllJ`21Teǻ_Px1&60*L{!Yʯm\n21&\0t23Gpnc<!zi;h\0Myq<f wq\"tdZ>48\Z;9|g%\01hk`<YPq>]#m}0:1s@ǔ8m5 \08{8eƹ6Arv+\\dF?jryG?Fp>iOhP~Ў.\0&MF&6ʘ^ȠG#\r#̡Hy2@΁5:\"nIgX:UoTxV\Z44\"mOfӧV\nc@ω3:Ry A?ny\nm&Ф\nN18AXgVd`٪%eRn@^Ыg\rI<\0{Q\0Gx+tR]621cCIM`~u3DE |}5٥190^`8~LQCģ3X=u\".rǮL>`Hi<~e1Np<ttdC^>\nt8S4\n9t}6hM֯D\'L]3j39s(}P;]A.\00ް ׃SR-.Fxښ0AȖ\0Ve\nwG_yǘ\0p[d=U!\0[T<8=[U\0@0ا0W=#lAvg*S:\0W:k8p`iǪ<?\0ѵ.	k1Wp3@\'Q㱓+о=Έǅpi_>P($m}tJ&\\,B /=7^|\0ٙTյW)jq\rF3FfWKS5nZT,aGP)]VNzB$,ILP%zSXk\06ɛ~<,]V[f͙Ѫ:\nvo0ѩQ4ZJj> +q+8`ֺuu\0bÑ~\ZA]\\L:\0\"iqD<@Ydfrd7a-£,OHv-qR?vhQ/iU\\vi/p2Yܧq>c2aLE8ȉsό;esóqO^G^ciP$<c|NVH#ʴϬ\Z+F:Ach85v1rԓ3!Я6#:-GJ8N?xY$ۢXR9&8:G\r\rS]WjVK~80굔TJNŔVdGعT_jMV==i7j/9Pm_ok/J**n։^o|^[􋞬q\r%2Q[f)s0iqU\0*=X EZ쓃H>XLB-u>Kzq5o]\'36/ZѿS\0lʘXf6uG_V&6BۡtKGM8OK.z5y\0V8SEe}et GiP#.8P\njb_T=^vN rMH*eC{qo5+ac1vĨ?/kqvj*,ݜ_;K3MZX}\0x=K}c*Jƶ\nMzz>lj\n8})xw}$=P#0c֫\0R\Z<ٞSX =MP6K5z_j_`?^;`uCw7:q3A<Ϡ_Y[Lxx^c{?@N\r{$mu:qQ\nwQ!{)Bv#SÔ;7Q`8ucPmJl(7Kh1`۬o9Jԃz$A4lwsUBuugUWWY0VkS`#ݰM(UB@\0(0YۈPch\'bqD 7\'Pcȅ\n;ަɅ5\r\"6~fX$v&6R|!^b\Z(,?0+//3\\ofҁ[X8d%4QB_=ԩSg9˩VK*kkAF3K)WʎQ\".n-e(@-\ZO6Yn@dvPs-EvQ\01,J@RL\Zf@34IøDgoP\ZOn͜PWłm\"إPُAb&\Zrɝ%1	,\\_RX3sGkz\" \'Eea̩Ph>ql%T\"Z{@sǯGydw@kUH-c7n*I}dh!+7d\0{&M^P{e{H&N0BVeD*)vI<s=oE_4Jݏc&׳t)I n;#\"\Zv_6S\r â#^F<ڰ!})>IDD[^>cP1߅}2R!1L3\0U[wtU\'Et+Զ<@bҼZOW^L<g?1E>\\}~\'8~$C=\0TUb\0Mg])ΥliS\'ĸ\'*y&=RZnm0[*EŋּxTj-	[:RʋuQԪ;\0\"Xy@lvz̡.~xz]͊БJ/DPc?81j\ny|00ߥ\\CJuAEB\r=Y=3ZG]=\0T\r][\\`i{#~#5<\0a̿Vl!x@1\0wM~8&gh`MѴATMhߚ*kxJa+ya`/2ylu\\b*XrX3\06\0\0\0\0\0\0\0\0!1Aq2Q\"Ba3$5STbrt\0?\0ò;5+\r_?%<d;#G#~NG~\0O~XxC\\\"|M^}CSF;v%]ԔN_Nab+``5*Q4Z<h,k%`aFIiԒ3D0R)-蛸\\QtݎУ;f\0kz^K(٠w䱊ckGFeev|ٯs$d5o%ǰyaQWMkw9[uCg& ~s\\y\"GꟹC^Hu\0r2\0F)o7_\nfsdlՀ5sK73[aǛD7g&47oc`۔\0]Ycr>=Aay!q[elhy򵔌.so0w4.$\0cagr\"7g&v(&9;6<UoMp\'MoazX=k?F=9xH\'	c|\0mx#w{p8Fqh?sv/+r|A^i\'!>4THPՙ#ϒN׵NVMEGOފٌو:&ԑ>xw<kn)(mL٘]yc\Zn`> #5vn:5>g3,95vo\rNLC1\rYĴs\'R3\Z4|Dֶ0rp.?nCL|&vQ\0ë\rCeeBj6w/ ^UQ=ᯠR-kITpt].rT<m.pZ%2ySDCnl~U\\r2<3\0UTkB{~+=\'/DS|a|ϠGV\04\0\0\0\0\0\0\0!q12A\"arBQ3bsS\0?\0vBW۷0ϸ~Sy[eBGAJ]pM}(\r\'xE,	+imBEbsb[4GjSϕ.&0D#ñGg93!V>f2Cpm,6TM{K$\0cx]ȶK^78~&ڃ}-岰Ja4tkf 5O: s>Ї\0t+ChWi{d<6vX.\rۙ/-kYx\rlo#s$G}^&COk[~DٖG Ƞ.HQ)t?8ryx4t[]B7UJj!uᝏUq4JXf,\nݒAkc)7uYmcSz;3q̧v(q\n!+L\Z|.Ԛj\Z\']R^2PG3lG m`=W[0l$#M+lt,sdc@sɶC,56oR_Ǎڝ\'))@\"8<F؛nQXG\rQSTJQ3K@q1\Z4 *xS2\'u|W=N.cǇS=6x\n>h3i\'p@O5OwՅ=8\'u\'+\Z/e\Z(YJlJ\\6DpH\0H(_Y.{;Mʎ90ݫU^]+%é{ݶa{\rV#@jpZ,K, @p(\Z\'snv\0^\'΅E4)pge88:=b0qHsnQGLa޽!a5c.t/,/UOc\0^Hg\'`B(}gB\'hxT\\O &ګ?Uڸ>USUE+q?{,>fy.!UT|sv,M!̍ vݠ[}ln<?#)mԣءT,\\{}E4OyƥMOa`9KO\0SPzFDan\0NvG÷޾tns','moonbyul.php',1),(3,'DAMI PHOTOCARD','55 x 85 mm','Firmada por la integrante','Beneficio de preventa',200,'\0JFIF\0\0\0\0\0\0\0Compressed by jpeg-recompress\0\0					\"\"*%%*424DD\\					\"\"*%%*424DD\\\0\0,\"\0\0\0\0\0\0\0\0\0\0\0\0\0\0\0\0\0\0\0\0Y#5lte#VXX}@1T\\;JXPRF͢^yį8xRa,ϛ-xeK\rb\0ʈ*hѬse-4xҢ61Y[xT2J~棪6YfkjQfvl[lk\nT%\08o}̑1kV\0طqs/qM0%!0UɒHs7\rҝL7Zd%JVq#e_.I%T1MGوx#brDx\ZN!lP[NO4/a\n\'XB3U\':1tflMqHkYQi9i\ZCoiWRϾy\0%9˟Ԣv6}7a`3 VbCI0hi?nɰaV},<\0ĲC(rjOAWv}w\nsrW	>GJb\0G(S,=Ɣs9%+I6MCnO[eSE,3pW&9%Vf\\{_HJ>8N8O&W| g}!-c?о\0\0\0\0\0\0\0\0\0\0\0\0\0\0\0\0\0\0󀪦xemX\Ze Tݎ!w9MEF13^1*+2cZF$ꁽ_[hMȤ q]Oc6Cf=SP5Z:H&Ͳm*8\0M4Ay\0\0\0\0\0\0\0\0\0\0\0\0\0\0\0\0\0\0p̻ʊ1&MYyt~pwjQҭPJeOgЈh&E9U҅g:Rr\\WUcWӄsIZ7k\'ύ8g9:m2:<mi{4QJ%a2\01\0\0\0\0\0\0\0!\"1A#$24%3Q&5BR\'\0\0\0}#lo&!3-wV?5U^L\0Y#`eӦ:	YőNos*8ITՁ䄴ހTZ\'#6.\\m(ieCSʛeԸ־_vƜZ4[8pV87䤡sI> sGVZ6/SЕu@P}40s<:6},>i,i\nT}yg\'xFߺUA(EBjk2lH\0*\\LF݂x	8@SQ#~]Nv\0/!!\0	RǗu!1&kf~C^u7%\rQW~t-3_X\"JQ\".N52Ӵ)iL/YHbD(LNMӵHԠmr\0[Ii+I*\">Ǝ~םpkRT\Z#c\'pg*;ux\"&RTmP8FkhP8;Q>5י7dӐe2=Y\\uku++#$*\ZKD)N)!̕\Z/K7^OվWf׾Wٮ5h%%;GeK9\\XAl}ReIS{qӡIXD#f2Ɍ׬k`\0-+C-zg760t<bi|r\"IƔz&xON $L7\'5{8TP[đ*6߮OGh隷TSo51$Jy^XIM	oFr2pBۈ`!m\rEخլxmu#uC\r.X VځAwfCc\0\'9H@\'I=j	JOqŧ\'-<}\0O VzБf?M	{岏O#]K|䱨\':E({fkڶ]-	}%\"x\Z2\'Ut^68\'GE3Ũz4YeGHWUnrN9)\\%y)F*k7*)MB*v-H\01{[\\!z9\'IGݛEI#@m\01(JtsA؋dG̲&\"1Yeď\'Yh76Q8N HNtQ:u	]mo:\"⍚dn1*j\Z=.Xѻb]\0HH!E(JʟSm\'=gRc)zSOJi/\'ϣG~^\"j\ZpWK\0ZR:P2R\ZcZkt5,yxsA!ف@Yd	q4I[[1nO$AfNYi[	־ 1YeU8p16_cȭ# d},:ddՑ5̱ʅfRxkRvO>T[\'e5>wHS{>_ղAVO^,i뎥(M>:ʥnb޾<di;HR2r_HVB:09IkFZia\"|󬕵=b9<>Rr\ZԄ+&8L`N\'|G_}%Ө2}6>ep{c(䂑<x=`)ғc䭆g(wuQIQ6bugR\"&[1e- Z*eCk;Ly\ZF\"AL\0T.!\0XApd4Fz\',U9\nY3Ibl\ZG@Ր9#%\'f$LHAs2b{gQGDl)qRo4#U^7cii=-PEcLgn5Z&ZJEhpzYZPD8KS\0i\'3&s%!j}Tu\rGLi`\"mԁG:k{^WMJv%0]eiiHV]J:udjt!ҝB{V=]$k+Ms\'-+4N6\"{8\"\\kբDx$`FAz !1RH\\<d~C[qApoȞw7i7+*յkFAR-;F#AX8\'x\n֒\0-O2^:)	)P+]o\nϦfZ7II[z졛(VԊmw!c#GCLGBP,2.궤uT!\" qa|E~+ghl*6;F;cZRʚ?RWrd$98w)\0\0?8\r-OX486i#I?gcFviȉ*܉<o-8TU\Za84cN)B|br8RJ==\'@%S>d\"](fi2I:ŇmQ\\\rOCh_JӁnKf\"j\r)LȜ̕u׉Q^DRKବb3)YOKZO usB]1ޔ$lwS9G\ryls\0`:2No\"E2#2SEV_ݳR\r{	NBnԑ\nR8J^hsOu)UeZ 9d0(s71>ۥO\n\0k,:Cس6YBD.8Ϲj3_DDC}2-5	yTek/ywd*zuZ7\n(@[joku$L-$JPfmZV7ߩMgV<b/d* ݍ[\0*))%F0\0Vګ;rj\\Qߵ]+VPrBG╭M{OŁ;fP*ٞt]{EEh$ccl%ɾ}KDvT/eOխMfj|GY]Ej$+NI̺2yS\nnNJ3jkf9+L\0&9\0;j;\rYޥB<VRG2\0I\rxxYUրozf@@f5QW)-G)ްjÇ+B{O_a\\\0/V\\X:S/@jwıFE%^\'U[\09eث[Fw88H	SlPEulX_oMXt	H\ZLY<{u	ID&꩑\'+\"SCo:~VFDGv<k+t%Y7$׼Q¤OR5̤590G=ro%S#b:\09ܘ:Hx)W+AIkFB}l\0Y[*P>bNH屡d;J\rnBp*\'Y=yh&Ĕvnm|8DUu_TJIw?3,XLΜW^m6JG).G``R]h4PnO)(1;=2K%UI:XҠW뺭S\\mYfdk<)g+	sR$I!r+)5<c\\֯ypj/\'P}:B_xǘ@:jǵV?t[OOME@`)XYҖTI\Za=aS;Z\'XuPA\'47?-N~tڀ{\ne~Y)xn߶vb,d#X\")_OIN~Vv\0Tàr-ŊJgRNWyd\"C@Eu-GoCA_p\01\'nl2eUjC^}\nJy$d|WdL܌t#ۑKV_#u` ~\nE\'_YI@9u!a>gW0\"QJBR@;:8BJ[# ki%6t\0WفoqBT0\'l{@:,ΚƩ=Ȫ\nb##؜h)Hh(QQYPlNJt@٪ђN>2R+ɜ8eZrNښ5	Hu#]Iѳ*\\SK\'ħ*h!t0qag JZ9[´|)I֕4X\0m˫uILV{NiӐP1Q096#;{K\0\0TKq\nCH X,~T:N\Z#@\Z<u#-(1$g:JbOU:G0mfYr\n_43++Oꥀ5-8\'FW)u\nZ60c`!EAm%ƓI=CrhwTr:Ad\"t\rR%r|;A)z:44H1f\0iI*BF)}p;łQ;Ro!:G/;v`~b5+\'C%Jbcu\'e%IΣ\0O\0A\0\n\0\0\0\0\0!1AQaq\"2b#BrR$3cCs\0\0\r?\028[vp&VBYdN@;Cn=u:w:vJߑ:q5(Quf\"0YCYYa݀(= 8!Mu͗Ymi٨az\"| Qp_$)<dy-et[#Q.;}ī͔Pe%Z;o(	!iK85㳐pė#POdy:a#D8؄)`;	h<`iRnAygGټ\\S,`ְ0ݸ or/=CYNaas	ZHGly@vs\">`X;\09Pv){p9\ZFA[uh91ţH?	Ybz&>HMuiBܱO}\\e(e_.k0B1$)\'vj܄i~gYgSP<ӢebJ*(3q[%NM#hg8MPѬEJY[&9M+ٶnuihѰ-\rh!w^S4N\"\'9EPuRrpL3G_m[ϲO)mi+7L-Xknm1\0}ҝY\0e\ZbCl8)<!e\'C2i.PNwc\Z4ёoڄە#)/E8ېFa;?(Fv!D\0UglZ\\a%9-\'0jhV\\ FCzmvTSW$^\\S;9aY/\Z\n-ե5:ijlm\0B:	oYRܔ2q({$Cڳs_q4HmY\Z߳!mmcu(\ZP0arl1Lt$F7Yָchum@:#GVj2=dbxEwiZMk;5L\\`?FO;QkY1v2Ew0$+0b>ҍ<cnP~g!w\0q<	=}$(<A _\n&nmƃ{c:۴:MRZLpج\r(cO\0~(4\'dD{)A`n$o+)-+#E	qkBQFpt\"!\nx<$j4sFnl`\0Ҳu+|&Ԩ#\ZڋrS	thʌw+Ek@Ul,h<rxF~\0>`HW\r]L7%T7@qtLKÛW@g|G\"3F=Fc5,Ñ{6T62|Ĭ9?ot\0݅\0oh-2.p\n3JEZ\"ia~2(YVD ną3VM!B;ۖ>H0_l$\"Ao@M@e\\{4Ge{8GTI@yh=r43j-;B}HCO=M67<.[x-_ƛ\rLy7\\2a	xFAYdk:ʉ9aK\n4\rׂnSCHY0I\'vH\n4wS8k)cDϸSڄN)@/ĕzRy!!H~.#)ԕ=i66ģʳ8dvvl \\<>v=؟b7)y83{\0#aqhh	)n!>#jwIULv}Q!I`/<ZtȦ\0pLc\nR:9~E+M=&\'Z;<\ryE-.&[yTҏ4\Zi\nAf9dSiuR:G,v]GQQ\r&;:Ngfb+a^Y8p6I֘,ƍ@(ct1AUFF1BKco`\\SZ+_We{QpR+ ) i5-C#ulӻRD~#)hrXopFv^Lc(SSzB\'V.?g=r54v\nf 4ȹQо݃VۄhR,\ZȃlVJPx_\\qeƥ)\\FYr\"͛7Ֆ#[$dsd<.5pޛ\rң!9%f7ĘH%j92i>k\Z/Ao\rDӻrt-U%E&UmA`tv,q߲3oobk-Rx`7\0!ÑA^lZlF}SDM	ŘD#FIߴ0eIl\"	u7r\\	q\Z$&t6.3U0ŐW7Kz*yDMQ`$?oE߸\nw[MxL	o!i#6zwMLB\'qԬ)ov!rz\0T(v\'i`sFG݀1(VEZ;\Z,SfoKh[):G4h1тbx?D6~ڵ5哏0\\+aNV(amTotdy0Ǔu3BnCFCnֱRK%<7S^\r	Sau(udFPTʣ!BPmev(h7bl3!r3o$F\0	\'R7\nYَw,u]^Fx\n}cM|e\0+,yج{kj/d]\n:vq)\rC%);H{bǒs}P@kw]xTA}AF8z(%N\0p%=ı!\Z<	$tVc ;K1nnhP;cP+ѹVETcF!6=؝s>yHԏ1b[0k3%#rb@i2^ځr<}\"dg&\rЍw	C64㠽!֊,-9cJ#w]S؛Y>ik%U[WiɍQ:x/c=CH`U2g%PƁ4l\0\rPqW(`D,.vh:Yɯh)pde}鵶B33Q8ahХQ|<L@#%!:}䫸LHۉ)ՓږYfED,i߹Y>h}kR|\\b=JM*q̈́\rhrˊ\\1v`]Ǌ6pPhe#!I(U\\8w!D7=(U@}	v6\n\Z.\r*XDը|K	y<AqF0W+E\'B|:rMl_f`BVH>Es{\">8nXמ\0\"aP??#M)Zl8}oZs3G6+z\0I؞d\'Õՠގ$ӼAFz-c7F/\' BeTw(SToS_9&|>_k]b7h#Z,]օ7dԻ\nl-qETIծfrW1(S6p_یXtMo7܋\0`R.{ZpEJ|,,;s@l8h@m-pNK(7Nɺȍ݉	T@ &AOmC>0Sb\r<oB<0RhSshґ67,۬??m[ϙFP?\'7lx+-H|Y!vxYZaہ*DfNrгqk+~4H3]9\ny[!wjsydkq1MGu[y_\03\0\0\0\0\0\0\0\0!12Aq#BQas34Sbr\0?\0\ZHu1ݙv6*+Zk6pެ.&C	S	VNՠ1Fc:t&^\rǔv2a9ظuqu@[SmŤnh5;UH/I(bj |SP{ENpiMӱXu;=\0W@5SiOP%2+c&+pT,چh?X:ΑzCA7}LLW?YR\0RQC٘s7c\nYCqY3h\'\'F|kKgS+SC`8v^i\0X@0eRY}!1thyD:\"h91l-L*{*&SeGb!$[tS\n16(ݢyDŋh5ߨcsR@Ţhҫ>In3rIHiű{Q!6j;Ϝ.&\0g.BM emѬTq`),-h#k;u?p4|m\nʵbgSeyƀBy1;J ^	kj/Na^\ZVȟiױ*Twr`H|>s!\06\0\0\0\0\0\0\0!12qA\"Qar3B#Rbs\0?\0v^|7KvLЇ0;)zf6Wdn䣷\Z:Pu6k&kmE+ó_̾:<]MrQ\Z[fbwCeG<_\n.;,Q]A\04٣x[X$Zcf:l; q>Pc;#Y;=P6LݐO\ZCtt.q)ѯq<m:C<8\0Z~\n:WF,z&:R\n\0E?3h*1uӲ2&YoX*9+}EZM˰9Dw2&э58mn6hKVp].rN.3YC0\0%R|Fˁ(4i0J	q\'ZRUJ4Jd1<HINdB69Yg \Z}ڭZM$;3b#41~M7o\r5|SAg~UWîh]^^O6}P=׌FJ{.#\0;S1f\0M7[jITܛ\0w!_:hMf#*Bޭ5$<-H\0.\rwJO<Yeԯl4iO8\"efh\\WE:?fI܆n4\0\'\";<N8Hاv}&r_l9)eYv6kpb{dwfq(Zcuis)yVs._&yoEYk@)pv)Qo9TZFAMN?JY~j#\ng\0cF8ָP6Ap(Zb-qP@,;\'~R7Qȡt(\\JH?\'r_i7Xܩ7(Yl~WA֟j}|~ScvlTyrRqR}7\\\Z','dami.php',1),(4,'JIHYO PHOTOCARD','55 x 85 mm','Importado de corea del sur','100% original',150,'\0JFIF\0\0\0\0\0\0\0Compressed by jpeg-recompress\0\0					\"\"*%%*424DD\\					\"\"*%%*424DD\\\0\0,\"\0\0\0\0\0\0\0\0\0\0\0\0\0\0\0\0\0\0\0\0\0Y#5lte#VXdcXgv%pܤE{[Bb+<Fnkg͊xk$Ιg\0+Qψg*#L?#SFùʣϊcz;QEEJlc.E*#L	e]-9e<~W\0g\"5]6SR+=mm^@n/d4\r3$d@g^h˵[mٱRPc\n?w*2I\0Nvt>L^׼ﯷ%JVq#e]]Ju5՛|XKP_f\'/#I1q<PWwlW3ӴE\n\'XB3U\':17\r\0ZC俇秒@\\rr\rclVڮݼ+Ĉb)g|y\0%9*\0{!Q[<f`dS`Q\0qi6sH?\rbK$8k(^>~wsSC I?JS\"79Z];=;pi84r<&ɰ\"os^kRnnN\\&A 9_䌭\ZղN߯XS8t?m,g5fD<9n\0\0\0\0\0\0\0\0\0\0\0\0\0\0\0\0\0\0\0;oZnY_RbTH?d[]{0E$RW5Ә^5)ezQy]@z,	dq\0&~?zkٙX\n_皛l\"wGpX8&l`.Z\0\0\0\0\0\0\0\0\0\0\0\0\0\0\0\0\0s*j{곃\"\ZL$\'\ZZ;k\\U~^7׊OF׈ѯJ=CUڌEWCT\'j2|[B\r_=0X:-!\03\0\0\0\0\0\0\0!\"1A#$24%&3BQ5R 7\0\0\0}FXԚ89l̶	:K1[?AWY\n/z\0GoՂӆ8dzfӬePOMXHKM\r2v:LC\\m(ieCesZ\"|IÎ#!i:P,ARTrRP;\n$O1Ŗ\r ahJթ\"42ihqfFpgR]oՙ\'-=%!S\n,N!ib`g\r[`$T!&i.f~\'wbG:Ւ2g:AIMF0ur8s\\b2 \n=>;-_r(iE 6\\[Gj>\0woBRvvyp65;b:蠩+\n( `,ԷCQy*#ʈm\\nThs;^\0J\nH&؁g \rGǝ\'RbNs;1\\i$~XVD%/+V}kc7;V>,3\n\'8i	\Z##\'˾@=Ț+/zVGDePHv#h Oa>M$m*5a) *$rr:NF7n5A5=|4#Cқm(r>svn_h9	P^ݺzt`V6r}RT^:g)nf`RbAVv,П&X1dݲ|půL\\r4{fپƀ䷎f+N[\0jAR,9N\'|44!3}dt2:HάOjtT\n$QU}r~iӺ2:\'T&	Tn8rVd8pDvsPYk#IR#2@Fq(;g6HU\Z8Q(Y)IErz.?Lue\ZGý4\0w9όq69ԁ4? NX%+a=>	+?V)^[6<}@<aC\'DsO=XhHVx.^{l\0H.,b=\'l3q~+6\rSU.[H\niVZb$PeV6-!\'(y+:թeaC\";!|C	$wlRrJu)y5)Tt5#8Ԟ%{6=	G%Q_ZckBP~!,;ȏd&M1\"!\'\Z|VJ`{\"6ycN\'H:i	\'[gemU!\'Yo+>ÍtѣvԀ壞B?$TXvc%	\rDL9[qe8AN&t-i.$j.HsT-,1iJ aC:e#5#RR\Zcy58M`8ԂCĲ<-(1y%Y1@8=-:\r	> 1ZU8t4\r/1V:AgQdN\n\r?6iť-UkhMuhIeل(\Z\Z:\np}_gI__y,2pfxDQ$J<%ug8\\H\"HI}!Zp`wIcF\0is԰>yƥeOXNgN\rHB1c\npM9:ع]8\'݃hZ\'CD߷$ysg&<`aI1u+!ݰ[[[nkRBtx_/˾{9Fl%SBVs~CA#%S4(BlFa!,4\rDi:Cb̶ȓ\'M.y*Q(o\\4VK9AaxP1ya,T,1t$6@*GJNMH8As5e=ÓڢF\n\\uWgxE#8բ.G\Z{	TzmҦ\\Y$ISQ՛~kz\nt*}b?ILXr׌WPqd2Jr)XnHjԖB.W{xtbCu}ES^e\rBx\'%3BOzq$%f	kYb)ǹK\0S+1=&J\'$\rOM&yC8>b-\'9{hR0,eÓEbyΤgɗ$gO+#U*յc\\Zq\ZFi48\'x\n\0mMgfvSqE֗6R\nk[0l^Qm\nmQu5|mV#DeWM.@YwAR~vղ=ն8URZJTWD繯\0E«\Z5Ij1	,\n+V2LFVpܦ\0^~p͘ZhtlG2A&^C\\r4%wDIWpdM?iҦMW	Ӥ8	.[5$羅mpU>I\"%ҁgJQq)?pZ\"y/*vnT[mյoSZɔRG+*x+OR_̸gzA==mz2L`G[H<*iiBIG )>粺`#:|@ΫC`K̀V57+tj^hgQ\")QUfWlԠAuA9)otFmI,R3C%<:U2#>@rCaPǎՃ6$%V!N5<ܭ1\"Ù5_>l-V#\Z[^nc6tN?HU2_O|(pԷl\'NSsS\r-/5RјUTn(xZN~$	J̫\nЦ㵜y6Yܦ|`y!Qlj UҒ%F0\0*	WɎsh\njĸUvHYAԄVTT5OՁ9s(g*ɞpn^QQpCKzCr|%]󒍱:-mX+iFJs\0K%R#RX04\Zc%H:홏ͭF,=S\0ya^/5R\0vrL6Ӝk\nXV0YI$:y$6)gȯMV\'ZS2rS5\Z3ZIj9NqEV,#Ѷ6¹x\0^\").A{`SuLs`Nej%\0`oS*KGnqX0Uَ\')ZΡ6HS*f8qi*(\Z3KjŪx4	q]4w\rkfx6\'!|xm1(ƷόV^3[*ɼt&p*D%)\Ztʜ\nSuS.TZq:3$H+s0pG$]>lV(2\nNIQ({pB2GlT&|ĝHcRQds;\nfBu<ٓl$\0EmҭmJun\0J4C@o()Ҕ`xy؋P>B#\\E)vacU/6+;`%\0{mAeZeENo\\xdrI8|B0r_rW\rVkF5M8{\\\0Hs<&W\nqUXH	MwgZ^ΘP}:B_xO@8jN<_uc@)U􏉀#<-~4͉\\\0uX:Jȯ[T˸aAi?oXkH7U[0W$ XF4\")_O	N~VvF*a;kUyՊJgRN_W3+NI8EJ\0ZZ)}\0N\\QE.`V#PeRdRSNY#PW*^q$1\Zt#ۑޥ/\rŐ?C:u17<lf	`\0ʵ3qc\nyT)K!UL⑾\"gZ~obn	3\ruΑtG*\Z=ñ	M`eAs\"\"Ж O;/8\'5ALCws41={ F\n9\n6Rq\"uRbUeBŰ59a(}]NMVtˉH\ZW&r\0c滫yh.,[JlQ|j1M`J{t!q|P#*hx<A8G}l*؍WT$]8ی5\rlMCnE,_mnG^܄(2dYFLKxۤOzK}9X(t	eDBՊd9PR:%b5hGZer2ڬB#I\'6=Fc&.Swqՙz8\'PSP\"4VK\0cO-:\'@q*Z}	MTfU_k l* 2I\0ܣ5Q]oLKh\ZB%OT`6l!c\0)	I*BFp9wQ;RgB)TuuG/\\r`~b1d̈kR#}2c	i@u\0#_\0D\0\0\0\0\0\0!1QaqA\"b#2Br3R Cc$dst\0\0\r?\0+wh`gLԄ,rN.:`gYoW-\"v\nq\Z0B]CEd6k5:&{H7 8܈a 	]ien퀣~Kp9A\n8G\r}YJAa6G\"W~*#uj>ھW6gpC\n<]ݷ\n,A>mBAwi`g!R\\ ^*ڝ]߭pMӍ\n\'~Q!+HI0z i>\'DZ1cF[@ -öf\'a;8Yd~h*y5TtˣS5$mmaD|md]cv]RG&FIJ0MsHMy-BR?\0,E\ZژC@EI!7 %\"\Z!7\r/];~Ne*+zQX tl:LMX5Gnj\n\\vB*C?;l	w	Ůk;2ln #\\* U/Ew9yYha?\"ck}4pPڤ!Jv2\0>%LZnFJyB>[xhz:Ih0\'v(L+\":T\\\\8{v8\'t`ub !O\0\\vMJ\0z=-lsΡHNƪƲ;q?\08jl\n3o{r\ZTYQ!,ryV5FGPx\'g1WJku`AB&7oRl2ͩ(}D5+#9\0ӈy64!Bž9qAdiC?G\0UI^$7ۗ\rڼ\rDLhMQlBB(Z*L$iK\r#եw6Dא|6Fzm8#O໴de.[]	\n5C\0Ϥtmb_v,-ͱ!N8`<A _@&մ}2òg7iϴS,;GI;xsCb?)7UEﶔC	VI\\QG!.\"8vf	Ӎua:Z<G#6a\0\'riY;\nu!\0q>|QdGqú	pxZ++uBh.6Fwٍw!2 CzL2!Pt2&HqlNhܠ49itGLlc1A7iw2-	KFl()*Ea~=˵U7jBJp0ݢ4FlAIB/2\0tS`p\\A)g7,(`D؄r6vaȆK~XUb\'ԣ|o\0X㍯^-w\n3WbGKlg7h|K\Z*\\3ǁ)2=R8\"#̰f^mx*k584⟄$+]4G]*ڌXr\"egsmB\'ĕxRy!`!?R싼e;	XIփ5(ߨiGI ++h)p;۫W|zn,?vhhٷކ.mXz&42RP \roz4Z\0a7GsM{W18R<+C\r={)\'>{18Q Y`L\\0].9@L33a,WtyG薽Dt)0;Gŉe0q9_@j\"cak{?컅&+-\rݜՒ+EK:7.\rzFgX;)]{D.\0#Mm\rBeԆ2gPIMs\0â8iuZ	9b:K>EH6D^һxkO\r_wY&49,/>ha_|)4L!AdXRbrvGjdfVl2׍	>XdA+{\'i\r^mW*5ۆ|{a|a\0~Ƨjdĝĕ6	dn]\'uHc\0;.R(~IRn*,#kE9wNaд*L\"&,[o fhpqB8_3_׷G\ZnRzN0@U!ӑA](b=փI7ߚbQDz\0,$70\r~I.tV{F+8oi+5yr ~PKThVH=gDCEK	@>;W/%*G1׌\r	S<qO	-=$w&χɟ\"|v6v0ꟄcxjG\'}POVbwx4<\n2<R2.w\Z,I)7q!~2SP!\0sGדF\"$\n\\#dn	<SM˲-WG\n[@\\=W4c۬r~x1{W\\/-)ibkcX\r\0&lu_dz4GʣC(\rvwWD]\\̅όߎRhagʐ8&?YٮurvZkZg`\ZkqG/YJIVrzq2Z<;z{Ck	ݐEwIGZ	pΒ\\ޠ#g\r4Bvs3xxk&v(N\"</V4OκXPAݔnv\0C7rt4{:zѨMO˩]\rOG\'$;GQO\0~:܃iU wi2]lQL^!9gx7ғg-xB7&%f8Kkz]X]+s|]5.&nh\0-S@I\0)_ٴ\0MQ93hG|ѫJk؞\\41k`r\r;	4:mqB8 fgFqNGZegdNn(aNLSq,؋8=FʻԮ.!F ok>\'+$.\0d7yd28Ǎ(ƀ<ZO$Sa\'eT4vkwcVdlJŅ=G̤d y4. 8XTm4s&9C8ݳ-\0[\n!BWâsQ )3	y<AqF0VWu\'ɡ>YjeY]hp4/>=㫊4쐻$~\ny\r2,xhfG04<4C^<_\0ma%,!e\r\r:ˈo-4V*YCHQ7A>ƕ\'f-;pDy5赎<\nO {Fb1R^ӿȡ\nMN¿04%1aZ#xGu]oeĺјGPXNͶWgʾq~9=AC\'\n~Y_Ej4Q46IAG7JBfN\0ub@C\08ŒMiԨ1\0YV0ܨ.&atxڪLP_W#h.&\n!wL	xqvh@^6Zepxn[Y#wBBl7	h)36 ȱ?|\n3h/͈a˲a⳾ґE7?{x\nm.?RMżJ8;B(G:o+68<H|lEZFD7<snY3.U\';evqk1>v>5ab=%tSG@8d_	\06\0\0\0\0\0\0\0\0\01!2AQq\"4Ba#3Rs5CS\0?\0:NyT{bi}z~}ڨL~;PBeM#Yr%4oG%VeEfKl\0E,FOkEU*$`%,7!rGY@Sv(^}GQ6,N2@\r^IӇeúwdÅwCxPW>QUQ%6!rh\"H\0)X6I촛Kj:5|IrnB<+jn^[vJ٭~H$6\nXn\Z0Шx\'Z[)rnB<!u9/4ru{8@sUwr{~#[Weў68Z\\l<,vM552;V_cyDP։̠\0׺DHOPLW;Jt[5BN>ɼA4\n	C#꿕#Yf\08%2(Z~i{ЅZa#9}7y/ad}Ni;rՆXAYK/Um)Uհч<HAUtM&q1&_~PU\\rf*j?T*j-B{rG05װG\07\0\0\0\0\0\0\0!2q1A\"3QrBaRb#4S\0?\0l.|\\KDKNޱPwE\rQw_\0jamuXYiBFP\0\nL;\r!51u1x)D<:yD}CLmKбBCT`.Y\Z;-\0E(\'ˁ,\rZ[0k9XNOAp:ySޡALIYuEHe\n)ت\\\0%fp#\rǅ7#XMw˩y#\'51C)>OpO\nՈ`%#,n	+T]*S7Jƍ@|\r	dph	& #JV>Α|LH8#L~\rD1y}?2>\'#~ѡwK!F/,E:DX9050m6,*J/QDK=2Ңl(7KXٖTL\\Aqp:@qxc>-ͱI*ꗝ\0NDR.+JTzw_>ٲ!T=%Gzn_Cě+\'kc;xtOYGYS+zb_%b 6Wf;9>PGUYpKT*T\076j$6?JAQޠF8ueNRTφ*mUzwMMX̤MM%o%{lf!\0 D6>󡋅Lo/\'e,OP`E6[h=d5bYܣ8svu?RQ)9)Iko)BaOSwO_hUnZqhNGe,O}HƦVI 8e\0ҳvǳP?X]6v|:|JO\rK','jihyo.php',1),(5,'WENDY PHOTOCARD','55 x 85 mm','Edición invierno','100% original',400,'\0JFIF\0\0\0\0\0\0\0Compressed by jpeg-recompress\0\0					\"\"*%%*424DD\\					\"\"*%%*424DD\\\0\0,\"\0\0\0\0\0\0\0\0\0\0\0\0\0\0\0\0\0\0\0\0\0ԶYc5lte+VhK>9T]-pܤFzsUM!]n5Ku[|اkÔcr}) ]!BM55kA?O_T#~QVX嬗*[xɜeNiuQ\'b4ֲtMJ u4e0?8kD?(0x~L#6ٕHzu稪8~Yk%9&MwZ;8-%ْ(u^A*ׂ[ ϝt*19}Tո\ZLC7l\0mXͽ}@08ry[H\\=DYKάjE2~q/*GD5|_s`E9dr>5)^JxlR[$\0Kw$^go=ڧؾĵ\rB@\Zs4\n&5eu|aU\0ODÁQJV6.8.ýrWx%Ҕ騗ib2d})\\\Z\rD\\&`Ee}&}gW꣟g}˄H\"EpW$dwwqQXS:;~	XQٜE\rrdo._\0\0\0\0\0\0\0\0\0\0\0\0\0\0\0\0\0b&fz \ZŞ<b(Z	YNI*E؋;,\Z]~iw<\nNCJϊch@\rA=\Zږ^K\Z=/sh+	QEkU\0N	۳ÛQ\0\0\0\0\0\0\0\0\0\0\0\0\0\0\0\0\0\0q{d8IfƬ|$Pw#F͏U6pHvz10|qG1ЭQ.j5S,L\'_vk[np:e)2]j瓦p<ke41Hpƶr\03\0\0\0\0\0\0\0!\"1A#$243Q%57BR&\'\0\0\0}FXMBf[%~ L\0Y#`X-8m%gK#6g3*)*;\ZeEuԙ-\\Pʓ0x8־`[~YW$[%H5jJ=JJGx]$;8}$vjc\004%jԑ\ZN4\03	}`8He3é.̓Gז|s{HŢJ(%HBMMp(\\Nď:Ւ2g:AIMF0ur 9.gykLHe̟w2]+\";u]\0.lG5okԁ\0m]pE0&ݠ4];۩(r\Z/~+r竤Z9aOc\Zԉv?:M@\Z::O,ĜvbXH1VJ^V\"\Z>:]X>+\\⒥$jr(`O.\0lV~RӰ@W+\"RՁ*QT4$; Oa>yI$lۺu@߻k؜eFyTh6\\fA.BRTvY)\r{[ʥr3tF5vmR[Kˬj<vʒb9KuS\nD#f2Ɍ׬c \0-+C-xg7֏l7:yAlw)H*E<N\'|44!3}dt2:HάOjtT(T$zs;K\ri2`ɳRU!cJUfݶJ[c\niRe\r4F.+<H,7|J~,RQc7AYjF`b0\"$\0\0NsyMu gO/:=*	JORPA:egiҕ`{2~a\0L8Ս\0?BG͘7%=<@2[R#؝Wn+ݍ5Լ#o7ˌDx\0ႃKjH{˷sVI$5\Z$wlRrJu)y5J)E@//VHYcR{T}ٴTOB9*_Z1	d6ݭ!ܜD|!2l$AdAYO\ZH\0Vi8ՠ#2SGC\Zq8RAHN$,@Bp)kymi, Ϩ,f9_#4-Ke:q[/Ʒs⽠:pW֥f-)Q<3R3R5% A8kM~Nfe?X\'\':>%Ii@F\'VO%n*ɏ\0qŵ었1lՖl՝GHLfሊ՗\"í5p;˹v;iFG3FgTRB:8yVړ27<d:[c$-)u	=̨J9n.yФEVo\0Sƣ$\rE<B0;ԤGN1RX#VqD9XH<W	I5aV8L`N\'Qϒ>E2: =y S+97YL稀+|X#\nOsYP#\"]<d|ɖ:)]Q&	a/lv]KuTX\rlVd	$pNA\ZVo?PEX*g(,/\"T^G\'K+LhA.:͊H8As5e=ÓڢF\n\\uWgxE#8բ.G\Z{	TzmҦ\\Y$ISQ՛~kaA;.OGdnhU8p%,EۻxÆ<:͍u+r@zʉWJl?.9t 3ʞhb@[DO\\ܽA$>d,dO.R\09n\\zq$%f	kYb)ǹK?S+1=&Z,ORH\Zܛ0L	Wp|ZOs-I\"!p `Yv*ӊ\'~Hϓ/HΞW7GΫUj\rH4a=V0nvv3jֵ,3\"Ⱥ$\n! `m1kZMĦa6V_aa&n)M1*$Fn	B+V+\\8J9nvUMW5#*jc8JYSGBպ̄S66~ \03S\rHH$kFaȉ*̉=g-:T\Za:tA>BAȫ :RJHϞ\r\'\0%S>d\"](F{\'kmw^\\tw7]<Kڕ(2B.mG~:[n-D[NOWO(̬\ny5]yBP=Kj<]媂G[H<*iiBIG )>粺Fu(\08WWz\0jnWdՋ:\'5DdFdAEV_ճR\ZAS$BNIKwVdjG|咇À&;\'g_8VՌ{oXw9}h()%B.a	3״|G\r!&\r1,Kם%K͇[T.VER̉\rI(mR\0iijsū59Wsӌih*i*Psۇq[I\'g?BmLfUMk92lLj-bBո@%:BTl \n U|0֬K9WdՔHHR*ꆩ\'=S7d8q`7Wqu/(Pƶ_[Ol5)(9M*ٓ2K:f4\0Y%Ưk8-(r6eBtd;b\Z!Mh&&,BݍߋsTR\0vrL6Ӝk\nXV0YI$:y$6)gȯMV\'ZS2rS5˸jMjs%9ƋA8uZX\\F~\n\nz|3uq탉Qx%MՆJ^ާU[\0;l$S%7odϺn,Н@ݒkv\ncQ@j{m:jj\Z!2-lzδURl\'qQ\Zh,6mzb[)!B՜`+r<Yx5Ok(\0+R\'QPRRHϥdR:*	Vu-8fՁÒpӤ\0h2`!IJlV(2\nNIQ\nƔ=\0г#ԶUP>bNeG(9HRI3q!G:\nl׆;Go$\r[MD\Zټ.M1ܷb[([hMܿp\r/kKHOv[%<kaƍ|S-iuY1m/+CN>C[&ִ)pzi\0#0e֙QSq~c.<tU_9$>yC`!gT~9UrW\rVkF5M8{\\\0Hs<&W\nqUXH	MwgZ^ΘP}:B_x0p%\"_SX\nUm=?S5GlkmPw4ԼteQ\"L턥&y0Po)cUlnDJ[rZ	*,	3uiSk؍g:K<4ӑw$8R77c)B1QJZ}SO`(BuC34STFs[>RS<:b%i\'P]KQ[ /\0\ZC˜2epUjC{))\'w,+\nG8ԒLݍ:CR՗XpDVX|if־TU S\"IXLIOe-%H:hb\\={.j\\~D]>_eܑU)$0qȬNE<H\r8$h߉^Ǡrt9\'H.Uݛ	\ruΑԅtG*\Z=ñ	M9hKqu`\'+5IEPSOq頥\"Bf*TĪʄ`jsP]Ou@/$)4>LԌrZ˧e{ޖ-|H)o6pz?vܯ!]Cu>$l8l\"nv\\=fC3wFLKh)Ƒz[	(L	vč{|bϽfƓYw^EmL(\ZFEl$ķ{\rDGDcq%{K*%}V$iʇR	+B:([bI\ZI96SN1ڳVd!AOC8ҵZU,#x>[jXX>3Z*/`5[Ich.2>|t$Mw~WfjdJZFxNTZFdsL\0fgUƐ\r$`HNIR/]`eNԭdPU]cQjs\"5-jStQJq\Z\0@\0\0\0\0\0!1AQaq\"2b#Br 3R$cs\0\0\r?\020W()`O-X\nbN@=!sM>mZ.{@\'ӯk-~k)u~\ZCo\\CjџzɅVh:=ވBF{)A#4kZ\r^s`pX\Zgh0ݯhbvE,~ESA|4Fk6ծ\Z_}fmMB=;K\\s\r+|V*qsۉ,gMB[!ٹ-F\r5[?7dv`zH&8m_.Ŧɷ{PJh1#jW0S\0X	hہir.ΘoD¹\0&>UL|ҹ妌-5M\0rK\n⦅;\'f\0k?H==\0\n1$[);J(Ey-	\"_\\o\r3%M3K{V`ՄPrHnttcLs\"Ft#qA5Fl{qJ}nIncx[y$2E7Ӄ*㐸6FHuu\0h<0\\<U|3{>+4-?E\"9^2;q\0>f[u`иȭCǶ\\v|>noh0ǃh!Fa\ZnrOG\ZhJ@E<\"gT$hFּ5j#w`GA\'{j17WHG@Dt0smm|G<xo+QV,j5VB2<4%?\\kP*iZ&:5y\0<E0FiA/9&֖6?	-\"-r_Cc!7nP\"=4,69b8K. #>ƣ:?i4Oz340_oKkԖ+jQʋ榹+z85FzK\n0i?shE{e+x+7`io\\\\3~ȧp%ޱPS\\1Y{A fϐcٽj\\WU7\0MpIKHFP3\0M*xJ!ScP@r態H5fkIXѲ .\0EucRY<GqB#dFG(m8AF<\0cMkP>T֨`|ޖD|QpAB݀z6wGMsUP1\Z_P∬oG%hXM̈t@tx,4`ej;uT4\0̾G+3BRe\r#gj6׼>?^:\"|Z69\rxuW6rʂ)g	\0;t`X<CM4L|H1ZKh@&4,?r5͐规1߉Fg\ZUkOX@<l5uܓd>6qx@<ӞP#y$x\r?z7jnMfG~Gv#ġh{ǀ57\"86$[Dwۊт=?QQ>)<\"`~O4=jOpjBkK\"&(>T26QްPHr\'~U9v˖^\Z:Z̃<q?*-x-?1Lf<hk^\ZU3} hE-9Lz64.mHjh[OM=F;v\0+/sd8sj>\n9\rs|\n͸+\nHy1PxsG#NhB\r%rK2jܴ3۝$IҲc$\"V`;b?mmKgL,j<*mIM)\ZU1&\0U46>\\WFFf=BVQ@[\n)r1=)B۞L	\"SѪ~mO0C\ZhG\Z>5|ufkhFƹz)J)=2j;#-sG;#jPHƮsKq0FH$aox7M4J;nC#\0=mTb49\0{ҡE|zdW¨5\ZA=cӟ[`P:WO>ƨ%LwHc\06&(~RI	Yn2\Z6>6j+Ӛ&ݼCSB,0{\Z=MQц4#q#8h^\Z7̵I8\0uXh<YϻB zLM`)-ok(5?PH S=Å/v#$Օ:ZN%F2eSA5Ke!n\0:chB7A q4 \\\'QJHi,{G&MrF4\07Һp7	RI@Ⱪ5!z\0ܡ\'b4*W;j>gɥp;Ȥބ*|oRn\0LZ<ysMj!ޞahAQZge>9Jnpp: 4dsZ[(FQyN\r7\"2M,fhb9NP(@7l7QsA\"MhejKvc/ThD$FI`0][viƮJ^3Efc\ZxI&<H]}wci[~@U.[ZU\'J*Uq	I\"ws뜙v$cpt\netQwo(UzՉ<0@d-F{NztMh>lKO5(ZΛڿϒdfEvheI\"6!F=FhYۯM~|~\rsIG%O)``P\Z\rP>}T2ί/c!NI1q!\'|c>I2^ `ԙRF1.HJE\n5nk^Z\\uBP*&;gl8<70$F)^z\\}$zsG_[j,g\Z	aDleq $S*X 啺\r4P)/\ZuQ?Nö-=w8\ZxQFL#j:1@┙3\0?R]0ZXRygN:hFy[Gp둷5A_:~\ZW~\04p3O\n\ZqՒq_sh5WG-)dU2Y6L:@^5\nGYC*xƮđ;&*A;z[ET 샫cĚ	aRr^\ZdX@%$`#\0T~aT8@ƅ~RAQ-7㤊(h(Qеody2{L@Q<}Ml>k,h[:w&cKrDgj71F\\\\\0\\B>!F ^kUkMz99&-#4ev\'nD-;L98ႀTiLf1<̃bO\r[ƣUqɀK\ZƽG99\nҲ?8%,Ґ·8]:vxjDf\ZA&uh&?[W@\"uH-5&6XiXqD$лtdX7nPPMFv\0к\nۇFBk5,\"C5(vh~X=n(v\\!>5.a\Z`ElkDt款l(4N?njsw:@OTȨX2U=LGv\ZB~ƙeC:M4C\'V&Ijޣ4B6*B<N{\0i%h\"}DWQ)گXIcs3q[).b˺NOP9;Tp෋B:Uf{<72/,ux#4=^?*mEOX0Fȏz*{0(>	I\Z?h[\\mׅ}C2)OG\0Vbd|be7cZn[F`|{WDf8G4ȧ\Z˂{XW|zwkupږ.N;LIu	_¸J-yG&ڢqWYۨTM·aDTdQ:MLW#aH\'qI3*̀@ٖ 3]dxu1ǬT-c`%բ3FE[xƘm\0D`nsK\'GhH{@aMox ѵ_<Mh\\K%n =kY=qqFBwrB[6\Z[yoNKsYKvh#y\ZF<!۬!PCZqF6;t\ny\rj٢(碀Ѫ5D\\AuƍR?!6!P\Z\0|P-3hoE^\03\0\0\0\0\0\0\0\01A!2q4BQa\"#$R3c\0?\0(s1s3\ru]ig~O3~_073X5,?iAbc9	2n=#<ɄݲiĊrU390T \r_K]YX0ԆC)L14+L9nm;s3c?0.IrsNǞ&l;vrk41z/im!b?U)Nm=W{rhzg,潄?X٘&g!G%&iz\\.b40EuzÙݰT|J\0Qe qq\r.1/nWM@Ĺ6gN\n]bMLv!,w]ϒq)?9\Z%FV9k14J?6uD?k6<NȰ\\\r-6nzD:ŀ83sٶOew~la@5¤.2\\ØI,-^F);s6~(k]-ca+SWGzyO9\0p1YHf[+KM\ZLMc^U:1~:n&u|ezJuj!\\M{h15׷ZT1\"OaL\08\0\0\0\0\0\0\0!12qA\"BQar#34b$R\0?\0u^I|C7+tLC9+Fݱ|pD\r\0$i $}&I\\+f\nǵ\0ů\0+>%\Z#jSE]M= GE	ψyz&d~V$w$cJ(\n6RYV9B@=״A!Xg6,2IG 5Ot@|!G\nG!AfF[p|6+eD\"斒/Oa2nH.(\n;s:41\n<O!@.UWp!<P\rx#IX\0\05Vm:FvZu9\'gj~WiꙜ#DyOzQ\0>̣OEVI	JlZC@6w\0joM@YJ:IZF8.[\Z Jjvf2ňSD\rF6?enamㄞcE3	ݕ#+<Zfg8E n%BDx#٭g\r S$l=vGi]VX@N戽+\nzq:4q<<92G;8k~c7D0T\"jPbf[J4nnv]SS@tLk^5d,Dw0(5\nO3=So9qTYF?#Cg%K?5ӎ(m;[ZȚ4SxA_iANE5\ZW\0S^CB\Zn+e9 \r)n\\Sn8TYFAsMN?jY>jD1!Z,2HΫR\0E6npNujHưƊE1Ҙ:\'}ǘRnE\ZB.TYF=sJ(üoBg|&٬568[B×u','wendy.php',1),(9,'Prueba','Photocard','Orientado','PHP',124,'\0JFIF\0\0\0\0\0\0\0Compressed by jpeg-recompress\0\0					\"\"*%%*424DD\\					\"\"*%%*424DD\\\0\0,\"\0\0\0\0\0\0\0\0\0\0\0\0\0\0\0\0\0\0\0\0\0Y#5lte#VXdcXgv%pܤE{[Bb+<Fnkg͊xk$Ιg\0+Qψg*#L?#SFùʣϊcz;QEEJlc.E*#L	e]-9e<~W\0g\"5]6SR+=mm^@n/d4\r3$d@g^h˵[mٱRPc\n?w*2I\0Nvt>L^׼ﯷ%JVq#e]]Ju5՛|XKP_f\'/#I1q<PWwlW3ӴE\n\'XB3U\':17\r\0ZC俇秒@\\rr\rclVڮݼ+Ĉb)g|y\0%9*\0{!Q[<f`dS`Q\0qi6sH?\rbK$8k(^>~wsSC I?JS\"79Z];=;pi84r<&ɰ\"os^kRnnN\\&A 9_䌭\ZղN߯XS8t?m,g5fD<9n\0\0\0\0\0\0\0\0\0\0\0\0\0\0\0\0\0\0\0;oZnY_RbTH?d[]{0E$RW5Ә^5)ezQy]@z,	dq\0&~?zkٙX\n_皛l\"wGpX8&l`.Z\0\0\0\0\0\0\0\0\0\0\0\0\0\0\0\0\0s*j{곃\"\ZL$\'\ZZ;k\\U~^7׊OF׈ѯJ=CUڌEWCT\'j2|[B\r_=0X:-!\03\0\0\0\0\0\0\0!\"1A#$24%&3BQ5R 7\0\0\0}FXԚ89l̶	:K1[?AWY\n/z\0GoՂӆ8dzfӬePOMXHKM\r2v:LC\\m(ieCesZ\"|IÎ#!i:P,ARTrRP;\n$O1Ŗ\r ahJթ\"42ihqfFpgR]oՙ\'-=%!S\n,N!ib`g\r[`$T!&i.f~\'wbG:Ւ2g:AIMF0ur8s\\b2 \n=>;-_r(iE 6\\[Gj>\0woBRvvyp65;b:蠩+\n( `,ԷCQy*#ʈm\\nThs;^\0J\nH&؁g \rGǝ\'RbNs;1\\i$~XVD%/+V}kc7;V>,3\n\'8i	\Z##\'˾@=Ț+/zVGDePHv#h Oa>M$m*5a) *$rr:NF7n5A5=|4#Cқm(r>svn_h9	P^ݺzt`V6r}RT^:g)nf`RbAVv,П&X1dݲ|půL\\r4{fپƀ䷎f+N[\0jAR,9N\'|44!3}dt2:HάOjtT\n$QU}r~iӺ2:\'T&	Tn8rVd8pDvsPYk#IR#2@Fq(;g6HU\Z8Q(Y)IErz.?Lue\ZGý4\0w9όq69ԁ4? NX%+a=>	+?V)^[6<}@<aC\'DsO=XhHVx.^{l\0H.,b=\'l3q~+6\rSU.[H\niVZb$PeV6-!\'(y+:թeaC\";!|C	$wlRrJu)y5)Tt5#8Ԟ%{6=	G%Q_ZckBP~!,;ȏd&M1\"!\'\Z|VJ`{\"6ycN\'H:i	\'[gemU!\'Yo+>ÍtѣvԀ壞B?$TXvc%	\rDL9[qe8AN&t-i.$j.HsT-,1iJ aC:e#5#RR\Zcy58M`8ԂCĲ<-(1y%Y1@8=-:\r	> 1ZU8t4\r/1V:AgQdN\n\r?6iť-UkhMuhIeل(\Z\Z:\np}_gI__y,2pfxDQ$J<%ug8\\H\"HI}!Zp`wIcF\0is԰>yƥeOXNgN\rHB1c\npM9:ع]8\'݃hZ\'CD߷$ysg&<`aI1u+!ݰ[[[nkRBtx_/˾{9Fl%SBVs~CA#%S4(BlFa!,4\rDi:Cb̶ȓ\'M.y*Q(o\\4VK9AaxP1ya,T,1t$6@*GJNMH8As5e=ÓڢF\n\\uWgxE#8բ.G\Z{	TzmҦ\\Y$ISQ՛~kz\nt*}b?ILXr׌WPqd2Jr)XnHjԖB.W{xtbCu}ES^e\rBx\'%3BOzq$%f	kYb)ǹK\0S+1=&J\'$\rOM&yC8>b-\'9{hR0,eÓEbyΤgɗ$gO+#U*յc\\Zq\ZFi48\'x\n\0mMgfvSqE֗6R\nk[0l^Qm\nmQu5|mV#DeWM.@YwAR~vղ=ն8URZJTWD繯\0E«\Z5Ij1	,\n+V2LFVpܦ\0^~p͘ZhtlG2A&^C\\r4%wDIWpdM?iҦMW	Ӥ8	.[5$羅mpU>I\"%ҁgJQq)?pZ\"y/*vnT[mյoSZɔRG+*x+OR_̸gzA==mz2L`G[H<*iiBIG )>粺`#:|@ΫC`K̀V57+tj^hgQ\")QUfWlԠAuA9)otFmI,R3C%<:U2#>@rCaPǎՃ6$%V!N5<ܭ1\"Ù5_>l-V#\Z[^nc6tN?HU2_O|(pԷl\'NSsS\r-/5RјUTn(xZN~$	J̫\nЦ㵜y6Yܦ|`y!Qlj UҒ%F0\0*	WɎsh\njĸUvHYAԄVTT5OՁ9s(g*ɞpn^QQpCKzCr|%]󒍱:-mX+iFJs\0K%R#RX04\Zc%H:홏ͭF,=S\0ya^/5R\0vrL6Ӝk\nXV0YI$:y$6)gȯMV\'ZS2rS5\Z3ZIj9NqEV,#Ѷ6¹x\0^\").A{`SuLs`Nej%\0`oS*KGnqX0Uَ\')ZΡ6HS*f8qi*(\Z3KjŪx4	q]4w\rkfx6\'!|xm1(ƷόV^3[*ɼt&p*D%)\Ztʜ\nSuS.TZq:3$H+s0pG$]>lV(2\nNIQ({pB2GlT&|ĝHcRQds;\nfBu<ٓl$\0EmҭmJun\0J4C@o()Ҕ`xy؋P>B#\\E)vacU/6+;`%\0{mAeZeENo\\xdrI8|B0r_rW\rVkF5M8{\\\0Hs<&W\nqUXH	MwgZ^ΘP}:B_xO@8jN<_uc@)U􏉀#<-~4͉\\\0uX:Jȯ[T˸aAi?oXkH7U[0W$ XF4\")_O	N~VvF*a;kUyՊJgRN_W3+NI8EJ\0ZZ)}\0N\\QE.`V#PeRdRSNY#PW*^q$1\Zt#ۑޥ/\rŐ?C:u17<lf	`\0ʵ3qc\nyT)K!UL⑾\"gZ~obn	3\ruΑtG*\Z=ñ	M`eAs\"\"Ж O;/8\'5ALCws41={ F\n9\n6Rq\"uRbUeBŰ59a(}]NMVtˉH\ZW&r\0c滫yh.,[JlQ|j1M`J{t!q|P#*hx<A8G}l*؍WT$]8ی5\rlMCnE,_mnG^܄(2dYFLKxۤOzK}9X(t	eDBՊd9PR:%b5hGZer2ڬB#I\'6=Fc&.Swqՙz8\'PSP\"4VK\0cO-:\'@q*Z}	MTfU_k l* 2I\0ܣ5Q]oLKh\ZB%OT`6l!c\0)	I*BFp9wQ;RgB)TuuG/\\r`~b1d̈kR#}2c	i@u\0#_\0D\0\0\0\0\0\0!1QaqA\"b#2Br3R Cc$dst\0\0\r?\0+wh`gLԄ,rN.:`gYoW-\"v\nq\Z0B]CEd6k5:&{H7 8܈a 	]ien퀣~Kp9A\n8G\r}YJAa6G\"W~*#uj>ھW6gpC\n<]ݷ\n,A>mBAwi`g!R\\ ^*ڝ]߭pMӍ\n\'~Q!+HI0z i>\'DZ1cF[@ -öf\'a;8Yd~h*y5TtˣS5$mmaD|md]cv]RG&FIJ0MsHMy-BR?\0,E\ZژC@EI!7 %\"\Z!7\r/];~Ne*+zQX tl:LMX5Gnj\n\\vB*C?;l	w	Ůk;2ln #\\* U/Ew9yYha?\"ck}4pPڤ!Jv2\0>%LZnFJyB>[xhz:Ih0\'v(L+\":T\\\\8{v8\'t`ub !O\0\\vMJ\0z=-lsΡHNƪƲ;q?\08jl\n3o{r\ZTYQ!,ryV5FGPx\'g1WJku`AB&7oRl2ͩ(}D5+#9\0ӈy64!Bž9qAdiC?G\0UI^$7ۗ\rڼ\rDLhMQlBB(Z*L$iK\r#եw6Dא|6Fzm8#O໴de.[]	\n5C\0Ϥtmb_v,-ͱ!N8`<A _@&մ}2òg7iϴS,;GI;xsCb?)7UEﶔC	VI\\QG!.\"8vf	Ӎua:Z<G#6a\0\'riY;\nu!\0q>|QdGqú	pxZ++uBh.6Fwٍw!2 CzL2!Pt2&HqlNhܠ49itGLlc1A7iw2-	KFl()*Ea~=˵U7jBJp0ݢ4FlAIB/2\0tS`p\\A)g7,(`D؄r6vaȆK~XUb\'ԣ|o\0X㍯^-w\n3WbGKlg7h|K\Z*\\3ǁ)2=R8\"#̰f^mx*k584⟄$+]4G]*ڌXr\"egsmB\'ĕxRy!`!?R싼e;	XIփ5(ߨiGI ++h)p;۫W|zn,?vhhٷކ.mXz&42RP \roz4Z\0a7GsM{W18R<+C\r={)\'>{18Q Y`L\\0].9@L33a,WtyG薽Dt)0;Gŉe0q9_@j\"cak{?컅&+-\rݜՒ+EK:7.\rzFgX;)]{D.\0#Mm\rBeԆ2gPIMs\0â8iuZ	9b:K>EH6D^һxkO\r_wY&49,/>ha_|)4L!AdXRbrvGjdfVl2׍	>XdA+{\'i\r^mW*5ۆ|{a|a\0~Ƨjdĝĕ6	dn]\'uHc\0;.R(~IRn*,#kE9wNaд*L\"&,[o fhpqB8_3_׷G\ZnRzN0@U!ӑA](b=փI7ߚbQDz\0,$70\r~I.tV{F+8oi+5yr ~PKThVH=gDCEK	@>;W/%*G1׌\r	S<qO	-=$w&χɟ\"|v6v0ꟄcxjG\'}POVbwx4<\n2<R2.w\Z,I)7q!~2SP!\0sGדF\"$\n\\#dn	<SM˲-WG\n[@\\=W4c۬r~x1{W\\/-)ibkcX\r\0&lu_dz4GʣC(\rvwWD]\\̅όߎRhagʐ8&?YٮurvZkZg`\ZkqG/YJIVrzq2Z<;z{Ck	ݐEwIGZ	pΒ\\ޠ#g\r4Bvs3xxk&v(N\"</V4OκXPAݔnv\0C7rt4{:zѨMO˩]\rOG\'$;GQO\0~:܃iU wi2]lQL^!9gx7ғg-xB7&%f8Kkz]X]+s|]5.&nh\0-S@I\0)_ٴ\0MQ93hG|ѫJk؞\\41k`r\r;	4:mqB8 fgFqNGZegdNn(aNLSq,؋8=FʻԮ.!F ok>\'+$.\0d7yd28Ǎ(ƀ<ZO$Sa\'eT4vkwcVdlJŅ=G̤d y4. 8XTm4s&9C8ݳ-\0[\n!BWâsQ )3	y<AqF0VWu\'ɡ>YjeY]hp4/>=㫊4쐻$~\ny\r2,xhfG04<4C^<_\0ma%,!e\r\r:ˈo-4V*YCHQ7A>ƕ\'f-;pDy5赎<\nO {Fb1R^ӿȡ\nMN¿04%1aZ#xGu]oeĺјGPXNͶWgʾq~9=AC\'\n~Y_Ej4Q46IAG7JBfN\0ub@C\08ŒMiԨ1\0YV0ܨ.&atxڪLP_W#h.&\n!wL	xqvh@^6Zepxn[Y#wBBl7	h)36 ȱ?|\n3h/͈a˲a⳾ґE7?{x\nm.?RMżJ8;B(G:o+68<H|lEZFD7<snY3.U\';evqk1>v>5ab=%tSG@8d_	\06\0\0\0\0\0\0\0\0\01!2AQq\"4Ba#3Rs5CS\0?\0:NyT{bi}z~}ڨL~;PBeM#Yr%4oG%VeEfKl\0E,FOkEU*$`%,7!rGY@Sv(^}GQ6,N2@\r^IӇeúwdÅwCxPW>QUQ%6!rh\"H\0)X6I촛Kj:5|IrnB<+jn^[vJ٭~H$6\nXn\Z0Шx\'Z[)rnB<!u9/4ru{8@sUwr{~#[Weў68Z\\l<,vM552;V_cyDP։̠\0׺DHOPLW;Jt[5BN>ɼA4\n	C#꿕#Yf\08%2(Z~i{ЅZa#9}7y/ad}Ni;rՆXAYK/Um)Uհч<HAUtM&q1&_~PU\\rf*j?T*j-B{rG05װG\07\0\0\0\0\0\0\0!2q1A\"3QrBaRb#4S\0?\0l.|\\KDKNޱPwE\rQw_\0jamuXYiBFP\0\nL;\r!51u1x)D<:yD}CLmKбBCT`.Y\Z;-\0E(\'ˁ,\rZ[0k9XNOAp:ySޡALIYuEHe\n)ت\\\0%fp#\rǅ7#XMw˩y#\'51C)>OpO\nՈ`%#,n	+T]*S7Jƍ@|\r	dph	& #JV>Α|LH8#L~\rD1y}?2>\'#~ѡwK!F/,E:DX9050m6,*J/QDK=2Ңl(7KXٖTL\\Aqp:@qxc>-ͱI*ꗝ\0NDR.+JTzw_>ٲ!T=%Gzn_Cě+\'kc;xtOYGYS+zb_%b 6Wf;9>PGUYpKT*T\076j$6?JAQޠF8ueNRTφ*mUzwMMX̤MM%o%{lf!\0 D6>󡋅Lo/\'e,OP`E6[h=d5bYܣ8svu?RQ)9)Iko)BaOSwO_hUnZqhNGe,O}HƦVI 8e\0ҳvǳP?X]6v|:|JO\rK','g300s.php',0);
/*!40000 ALTER TABLE `photocards` ENABLE KEYS */;
UNLOCK TABLES;

--
-- Table structure for table `users`
--

DROP TABLE IF EXISTS `users`;
/*!40101 SET @saved_cs_client     = @@character_set_client */;
/*!40101 SET character_set_client = utf8 */;
CREATE TABLE `users` (
  `id` int(11) NOT NULL AUTO_INCREMENT,
  `username` varchar(50) NOT NULL,
  `password` varchar(250) NOT NULL,
  `type` varchar(20) NOT NULL,
  PRIMARY KEY (`id`)
) ENGINE=InnoDB AUTO_INCREMENT=8 DEFAULT CHARSET=utf8mb4;
/*!40101 SET character_set_client = @saved_cs_client */;

--
-- Dumping data for table `users`
--

LOCK TABLES `users` WRITE;
/*!40000 ALTER TABLE `users` DISABLE KEYS */;
INSERT INTO `users` VALUES (2,'AlanstarPro','$2y$10$Ug.YD2nE/pQQ66RRXHxMDui4htxd10TUsjfJ6Zws60P1ondxaQrpy','admin'),(3,'Anya','$2y$10$nWTwxCsPGtObVK/GBiCfPeYw5TP4Ubw8XkWRjFHvMlSJyhnaJMR2G','normal'),(4,'Josue','$2y$10$cANS9FSU6dV6OpPzshSU8uommoCuq56f.0VZEuGLNNe4Mim6pdGqy','normal'),(7,'Prueba','$2y$10$RSpSsIVF1h12QApNB17ZG.FcG27AC1C37qNRJzHItejcm8j0hESHu','normal');
/*!40000 ALTER TABLE `users` ENABLE KEYS */;
UNLOCK TABLES;
/*!40103 SET TIME_ZONE=@OLD_TIME_ZONE */;

/*!40101 SET SQL_MODE=@OLD_SQL_MODE */;
/*!40014 SET FOREIGN_KEY_CHECKS=@OLD_FOREIGN_KEY_CHECKS */;
/*!40014 SET UNIQUE_CHECKS=@OLD_UNIQUE_CHECKS */;
/*!40101 SET CHARACTER_SET_CLIENT=@OLD_CHARACTER_SET_CLIENT */;
/*!40101 SET CHARACTER_SET_RESULTS=@OLD_CHARACTER_SET_RESULTS */;
/*!40101 SET COLLATION_CONNECTION=@OLD_COLLATION_CONNECTION */;
/*!40111 SET SQL_NOTES=@OLD_SQL_NOTES */;

-- Dump completed on 2022-05-28 12:37:20
